"","Title","Path","Box","Director","Release Date","Genre","Runtime","MPAA","Budget"
"1","Avatar","/movies/?id=avatar.htm","$2,788.0","Fox","December 18, 2009","Sci-Fi Adventure","2 hrs. 40 min.","PG-13","N/A"
"2","Titanic","/movies/?id=titanic.htm","$2,186.8","Paramount","December 19, 1997","Romance","3 hrs. 14 min.","PG-13","$200 million"
"3","Star Wars: The Force Awakens","/movies/?id=starwars7.htm","$2,068.2","Buena Vista","December 18, 2015","Sci-Fi Fantasy","2 hrs. 16 min.","PG-13","$245 million"
"4","Jurassic World","/movies/?id=jurassicpark4.htm","$1,670.4","Universal","June 12, 2015","Sci-Fi Horror","2 hrs. 4 min.","PG-13","$150 million"
"5","Marvel's The Avengers","/movies/?id=avengers11.htm","$1,519.6","Buena Vista","May 4, 2012","Action / Adventure","2 hrs. 22 min.","PG-13","$220 million"
"6","Furious 7","/movies/?id=fast7.htm","$1,516.0","Universal","April 3, 2015","Action","2 hrs. 17 min.","PG-13","$190 million"
"7","Avengers: Age of Ultron","/movies/?id=avengers2.htm","$1,405.4","Buena Vista","May 1, 2015","Action / Adventure","2 hrs. 21 min.","PG-13","$250 million"
"8","Harry Potter and the Deathly Hallows Part 2","/movies/?id=harrypotter72.htm","$1,341.5","Warner Bros.","July 15, 2011","Fantasy","2 hrs. 10 min.","PG-13","N/A"
"9","Frozen","/movies/?id=frozen2013.htm","$1,276.5","Buena Vista","November 22, 2013","Animation","1 hrs. 48 min.","PG","$150 million"
"10","Iron Man 3","/movies/?id=ironman3.htm","$1,215.4","Buena Vista","May 3, 2013","Action / Adventure","2 hrs. 9 min.","PG-13","$200 million"
"11","Minions","/movies/?id=minions.htm","$1,159.4","Universal","July 10, 2015","Animation","1 hrs. 31 min.","PG","$74 million"
"12","Captain America: Civil War","/movies/?id=marvel2016.htm","$1,150.8","Buena Vista","May 6, 2016","Action / Adventure","2 hrs. 27 min.","PG-13","$250 million"
"13","Transformers: Dark of the Moon","/movies/?id=transformers3.htm","$1,123.8","Paramount (DreamWorks)","June 29, 2011","Sci-Fi Action","2 hrs. 34 min.","PG-13","$195 million"
"14","The Lord of the Rings: The Return of the King","/movies/?id=returnoftheking.htm","$1,119.9","New Line","December 17, 2003","Fantasy","3 hrs. 20 min.","PG-13","$94 million"
"15","Skyfall","/movies/?id=bond23.htm","$1,108.6","Sony / Columbia","November 9, 2012","Action","2 hrs. 23 min.","PG-13","$200 million"
"16","Transformers: Age of Extinction","/movies/?id=transformers4.htm","$1,104.1","Paramount","June 27, 2014","Sci-Fi Action","2 hrs. 45 min.","PG-13","$210 million"
"17","The Dark Knight Rises","/movies/?id=batman3.htm","$1,084.9","Warner Bros.","July 20, 2012","Action Thriller","2 hrs. 45 min.","PG-13","$250 million"
"18","Pirates of the Caribbean: Dead Man's Chest","/movies/?id=piratesofthecaribbean2.htm","$1,066.2","Buena Vista","July 7, 2006","Period Adventure","2 hrs. 31 min.","PG-13","$225 million"
"19","Toy Story 3","/movies/?id=toystory3.htm","$1,063.2","Buena Vista","June 18, 2010","Animation","1 hrs. 43 min.","G","$200 million"
"20","Pirates of the Caribbean: On Stranger Tides","/movies/?id=piratesofthecaribbean4.htm","$1,045.7","Buena Vista","May 20, 2011","Period Adventure","2 hrs. 17 min.","PG-13","$250 million"
"21","Jurassic Park","/movies/?id=jurassicpark.htm","$1,029.2","Universal","June 11, 1993","Sci-Fi Horror","2 hrs. 7 min.","PG-13","$63 million"
"22","Star Wars: Episode I - The Phantom Menace","/movies/?id=starwars.htm","$1,027.0","Fox","May 19, 1999","Sci-Fi Fantasy","2 hrs. 13 min.","PG","$115 million"
"23","Alice in Wonderland (2010)","/movies/?id=aliceinwonderland10.htm","$1,025.5","Buena Vista","March 5, 2010","Family Adventure","1 hrs. 49 min.","PG","$200 million"
"24","Zootopia","/movies/?id=disney2016.htm","$1,021.7","Buena Vista","March 4, 2016","Animation","1 hrs. 48 min.","PG","N/A"
"25","The Hobbit: An Unexpected Journey","/movies/?id=hobbit.htm","$1,021.1","Warner Bros. (New Line)","December 14, 2012","Fantasy","2 hrs. 46 min.","PG-13","N/A"
"26","The Dark Knight","/movies/?id=darkknight.htm","$1,004.6","Warner Bros.","July 18, 2008","Action / Adventure","2 hrs. 30 min.","PG-13","$185 million"
"27","Harry Potter and the Sorcerer's Stone","/movies/?id=harrypotter.htm","$974.8","Warner Bros.","November 16, 2001","Fantasy","2 hrs. 33 min.","PG","$125 million"
"28","Despicable Me 2","/movies/?id=despicableme2.htm","$970.8","Universal","July 3, 2013","Animation","1 hrs. 38 min.","PG","$76 million"
"29","The Lion King","/movies/?id=lionking.htm","$968.5","Buena Vista","June 15, 1994","Animation","1 hrs. 29 min.","G","$45 million"
"30","Pirates of the Caribbean: At World's End","/movies/?id=piratesofthecaribbean3.htm","$963.4","Buena Vista","May 25, 2007","Period Adventure","2 hrs. 48 min.","PG-13","$300 million"
"31","Harry Potter and the Deathly Hallows Part 1","/movies/?id=harrypotter7.htm","$960.3","Warner Bros.","November 19, 2010","Fantasy","2 hrs. 30 min.","PG-13","N/A"
"32","The Hobbit: The Desolation of Smaug","/movies/?id=hobbit2.htm","$958.4","Warner Bros. (New Line)","December 13, 2013","Fantasy","2 hrs. 41 min.","PG-13","N/A"
"33","The Hobbit: The Battle of the Five Armies","/movies/?id=hobbit3.htm","$956.0","Warner Bros. (New Line)","December 17, 2014","Fantasy","2 hrs. 24 min.","PG-13","N/A"
"34","Harry Potter and the Order of the Phoenix","/movies/?id=harrypotter5.htm","$939.9","Warner Bros.","July 11, 2007","Fantasy","2 hrs. 19 min.","PG-13","$150 million"
"35","Finding Nemo","/movies/?id=findingnemo.htm","$936.7","Buena Vista","May 30, 2003","Animation","1 hrs. 44 min.","G","$94 million"
"36","The Jungle Book (2016)","/movies/?id=junglebook2015.htm","$936.2","Buena Vista","April 15, 2016","Adventure","1 hrs. 45 min.","PG","$175 million"
"37","Harry Potter and the Half-Blood Prince","/movies/?id=harrypotter6.htm","$934.4","Warner Bros.","July 15, 2009","Fantasy","2 hrs. 33 min.","PG","$250 million"
"38","The Lord of the Rings: The Two Towers","/movies/?id=twotowers.htm","$926.0","New Line","December 18, 2002","Fantasy","2 hrs. 59 min.","PG-13","$94 million"
"39","Shrek 2","/movies/?id=shrek2.htm","$919.8","DreamWorks","May 19, 2004","Animation","1 hrs. 33 min.","PG","$150 million"
"40","Harry Potter and the Goblet of Fire","/movies/?id=harrypotter4.htm","$896.9","Warner Bros.","November 18, 2005","Fantasy","2 hrs. 33 min.","PG-13","$150 million"
"41","Spider-Man 3","/movies/?id=spiderman3.htm","$890.9","Sony / Columbia","May 4, 2007","Action / Adventure","2 hrs. 20 min.","PG-13","$258 million"
"42","Ice Age: Dawn of the Dinosaurs","/movies/?id=iceage3.htm","$886.7","Fox","July 1, 2009","Animation","1 hrs. 27 min.","PG","$90 million"
"43","Spectre","/movies/?id=bond24.htm","$880.7","Sony / Columbia","November 6, 2015","Action","2 hrs. 28 min.","PG-13","$245 million"
"44","Harry Potter and the Chamber of Secrets","/movies/?id=harrypotter2.htm","$879.0","Warner Bros.","November 15, 2002","Fantasy","2 hrs. 41 min.","PG","$100 million"
"45","Ice Age: Continental Drift","/movies/?id=iceage4.htm","$877.2","Fox","July 13, 2012","Animation","1 hrs. 34 min.","PG","$95 million"
"46","Batman v Superman: Dawn of Justice","/movies/?id=superman2015.htm","$872.7","Warner Bros.","March 25, 2016","Action / Adventure","2 hrs. 31 min.","PG-13","$250 million"
"47","The Lord of the Rings: The Fellowship of the Ring","/movies/?id=fellowshipofthering.htm","$871.5","New Line","December 19, 2001","Fantasy","2 hrs. 58 min.","PG-13","$93 million"
"48","The Hunger Games: Catching Fire","/movies/?id=catchingfire.htm","$865.0","Lionsgate","November 22, 2013","Action / Adventure","2 hrs. 26 min.","PG-13","$130 million"
"49","Inside Out","/movies/?id=pixar2014.htm","$857.4","Buena Vista","June 19, 2015","Animation","1 hrs. 34 min.","PG","$175 million"
"50","Star Wars: Episode III - Revenge of the Sith","/movies/?id=starwars3.htm","$848.8","Fox","May 19, 2005","Sci-Fi Fantasy","2 hrs. 26 min.","PG-13","$113 million"
"51","Transformers: Revenge of the Fallen","/movies/?id=transformers2.htm","$836.3","Paramount (DreamWorks)","June 24, 2009","Sci-Fi Action","2 hrs. 24 min.","PG-13","$200 million"
"52","The Twilight Saga: Breaking Dawn Part 2","/movies/?id=breakingdawn2.htm","$829.7","Lionsgate/Summit","November 16, 2012","Romance","1 hrs. 56 min.","PG-13","$120 million"
"53","Inception","/movies/?id=inception.htm","$825.5","Warner Bros.","July 16, 2010","Sci-Fi Action","2 hrs. 28 min.","PG-13","$160 million"
"54","Spider-Man","/movies/?id=spiderman.htm","$821.7","Sony / Columbia","May 3, 2002","Action / Adventure","2 hrs. 1 min.","PG-13","$139 million"
"55","Independence Day","/movies/?id=independenceday.htm","$817.4","Fox","July 3, 1996","Sci-Fi Action","2 hrs. 33 min.","PG-13","$75 million"
"56","Shrek the Third","/movies/?id=shrek3.htm","$799.0","Paramount (DreamWorks)","May 18, 2007","Animation","1 hrs. 32 min.","PG","$160 million"
"57","Harry Potter and the Prisoner of Azkaban","/movies/?id=harrypotter3.htm","$796.7","Warner Bros.","June 4, 2004","Fantasy","2 hrs. 22 min.","PG","$130 million"
"58","E.T.: The Extra-Terrestrial","/movies/?id=et.htm","$792.9","Universal","June 11, 1982","Family Adventure","1 hrs. 57 min.","PG","$10.5 million"
"59","Fast & Furious 6","/movies/?id=fast6.htm","$788.7","Universal","May 24, 2013","Action","2 hrs. 10 min.","PG-13","$160 million"
"60","Indiana Jones and the Kingdom of the Crystal Skull","/movies/?id=indianajones4.htm","$786.6","Paramount","May 22, 2008","Period Adventure","2 hrs. 0 min.","PG-13","$185 million"
"61","Spider-Man 2","/movies/?id=spiderman2.htm","$783.8","Sony / Columbia","June 30, 2004","Action / Adventure","2 hrs. 7 min.","PG-13","$200 million"
"62","Deadpool","/movies/?id=deadpool2016.htm","$782.0","Fox","February 12, 2016","Action","1 hrs. 46 min.","R","$58 million"
"63","Star Wars","/movies/?id=starwars4.htm","$775.4","Fox","May 25, 1977","Sci-Fi Fantasy","2 hrs. 1 min.","PG","$11 million"
"64","Guardians of the Galaxy","/movies/?id=marvel2014a.htm","$773.3","Buena Vista","August 1, 2014","Action / Adventure","2 hrs. 1 min.","PG-13","$170 million"
"65","2012","/movies/?id=2012.htm","$769.7","Sony / Columbia","November 13, 2009","Action Drama","2 hrs. 38 min.","PG-13","$200 million"
"66","Maleficent","/movies/?id=maleficient.htm","$758.5","Buena Vista","May 30, 2014","Fantasy","1 hrs. 37 min.","PG","$180 million"
"67","The Da Vinci Code","/movies/?id=davincicode.htm","$758.2","Sony / Columbia","May 19, 2006","Thriller","2 hrs. 29 min.","PG-13","$125 million"
"68","The Amazing Spider-Man","/movies/?id=spiderman4.htm","$757.9","Sony / Columbia","July 3, 2012","Action / Adventure","2 hrs. 16 min.","PG-13","$230 million"
"69","The Hunger Games: Mockingjay - Part 1","/movies/?id=hungergames3.htm","$755.4","Lionsgate","November 21, 2014","Action / Adventure","2 hrs. 3 min.","PG-13","$125 million"
"70","Shrek Forever After","/movies/?id=shrek4.htm","$752.6","Paramount (DreamWorks)","May 21, 2010","Animation","1 hrs. 33 min.","PG","$165 million"
"71","X-Men: Days of Future Past","/movies/?id=xmen2014.htm","$747.9","Fox","May 23, 2014","Action / Adventure","2 hrs. 11 min.","PG-13","$200 million"
"72","Madagascar 3: Europe's Most Wanted","/movies/?id=madagascar3.htm","$746.9","Paramount (DreamWorks)","June 8, 2012","Animation","1 hrs. 33 min.","PG","$145 million"
"73","The Chronicles of Narnia: The Lion, the Witch and the Wardrobe","/movies/?id=narnia.htm","$745.0","Buena Vista","December 9, 2005","Fantasy","2 hrs. 12 min.","PG","$180 million"
"74","Monsters University","/movies/?id=monstersinc2.htm","$743.6","Buena Vista","June 21, 2013","Animation","1 hrs. 47 min.","G","N/A"
"75","The Matrix Reloaded","/movies/?id=matrixreloaded.htm","$742.1","Warner Bros.","May 15, 2003","Sci-Fi Action","2 hrs. 18 min.","R","$150 million"
"76","Up","/movies/?id=up.htm","$731.3","Buena Vista","May 29, 2009","Animation","1 hrs. 36 min.","PG","$175 million"
"77","Gravity","/movies/?id=gravity.htm","$723.2","Warner Bros.","October 4, 2013","Sci-Fi Thriller","1 hrs. 31 min.","PG-13","$100 million"
"78","Captain America: The Winter Soldier","/movies/?id=marvel14b.htm","$714.4","Buena Vista","April 4, 2014","Action / Adventure","2 hrs. 16 min.","PG-13","$170 million"
"79","The Twilight Saga: Breaking Dawn Part 1","/movies/?id=breakingdawn.htm","$712.2","Summit Entertainment","November 18, 2011","Romance","1 hrs. 48 min.","PG-13","$110 million"
"80","Dawn of the Planet of the Apes","/movies/?id=dawnoftheapes.htm","$710.6","Fox","July 11, 2014","Sci-Fi Action","2 hrs. 10 min.","PG-13","$170 million"
"81","The Twilight Saga: New Moon","/movies/?id=newmoon.htm","$709.7","Summit Entertainment","November 20, 2009","Romance","2 hrs. 10 min.","PG-13","$50 million"
"82","Transformers","/movies/?id=transformers06.htm","$709.7","Paramount (DreamWorks)","July 3, 2007","Sci-Fi Action","2 hrs. 23 min.","PG-13","$150 million"
"83","The Amazing Spider-Man 2","/movies/?id=amazingspiderman2.htm","$709.0","Sony / Columbia","May 2, 2014","Action / Adventure","2 hrs. 22 min.","PG-13","N/A"
"84","The Twilight Saga: Eclipse","/movies/?id=eclipse.htm","$698.5","Summit Entertainment","June 30, 2010","Romance","2 hrs. 4 min.","PG-13","$68 million"
"85","Mission: Impossible - Ghost Protocol","/movies/?id=mi4.htm","$694.7","Paramount","December 16, 2011","Action","2 hrs. 12 min.","PG-13","$145 million"
"86","The Hunger Games","/movies/?id=hungergames.htm","$694.4","Lionsgate","March 23, 2012","Action / Adventure","2 hrs. 22 min.","PG-13","$78 million"
"87","Mission: Impossible - Rogue Nation","/movies/?id=mi5.htm","$682.3","Paramount","July 31, 2015","Action","2 hrs. 10 min.","PG-13","$150 million"
"88","Forrest Gump","/movies/?id=forrestgump.htm","$677.9","Paramount","July 6, 1994","Comedy / Drama","2 hrs. 21 min.","PG-13","$55 million"
"89","Interstellar","/movies/?id=interstellar.htm","$675.1","Paramount","November 5, 2014","Sci-Fi Adventure","2 hrs. 49 min.","PG-13","$165 million"
"90","The Sixth Sense","/movies/?id=sixthsense.htm","$672.8","Buena Vista","August 6, 1999","Horror","1 hrs. 47 min.","PG-13","$40 million"
"91","Man of Steel","/movies/?id=superman2012.htm","$668.0","Warner Bros.","June 14, 2013","Action / Adventure","2 hrs. 23 min.","PG-13","$225 million"
"92","Kung Fu Panda 2","/movies/?id=kungfupanda2.htm","$665.7","Paramount (DreamWorks)","May 26, 2011","Animation","1 hrs. 31 min.","PG","$150 million"
"93","Ice Age: The Meltdown","/movies/?id=iceage2.htm","$660.9","Fox","March 31, 2006","Animation","1 hrs. 30 min.","PG","$80 million"
"94","Big Hero 6","/movies/?id=disney2014.htm","$657.8","Buena Vista","November 7, 2014","Animation","1 hrs. 48 min.","PG","$165 million"
"95","Pirates of the Caribbean: The Curse of the Black Pearl","/movies/?id=piratesofthecaribbean.htm","$654.3","Buena Vista","July 9, 2003","Period Adventure","2 hrs. 15 min.","PG-13","$140 million"
"96","Finding Dory","/movies/?id=pixar2015.htm","$653.7","Buena Vista","June 17, 2016","Animation","1 hrs. 43 min.","PG","N/A"
"97","The Hunger Games: Mockingjay - Part 2","/movies/?id=hungergames4.htm","$653.4","Lionsgate","November 20, 2015","Action / Adventure","2 hrs. 17 min.","PG-13","$160 million"
"98","Star Wars: Episode II - Attack of the Clones","/movies/?id=starwars2.htm","$649.4","Fox","May 16, 2002","Sci-Fi Fantasy","2 hrs. 12 min.","PG","$115 million"
"99","Thor: The Dark World","/movies/?id=thor2.htm","$644.6","Buena Vista","November 8, 2013","Action / Adventure","2 hrs. 0 min.","PG-13","$170 million"
"100","Kung Fu Panda","/movies/?id=kungfupanda.htm","$631.7","Paramount (DreamWorks)","June 6, 2008","Animation","1 hrs. 31 min.","PG","$130 million"
"101","The Incredibles","/movies/?id=incredibles.htm","$631.4","Buena Vista","November 5, 2004","Animation","1 hrs. 55 min.","PG","$92 million"
"102","The Martian","/movies/?id=scott2016.htm","$630.2","Fox","October 2, 2015","Sci-Fi","2 hrs. 21 min.","PG-13","$108 million"
"103","Fast Five","/movies/?id=fastfive.htm","$626.1","Universal","April 29, 2011","Action","2 hrs. 10 min.","PG-13","$125 million"
"104","Hancock","/movies/?id=hancock.htm","$624.4","Sony / Columbia","July 2, 2008","Fantasy Drama","1 hrs. 32 min.","PG-13","$150 million"
"105","MIB 3","/movies/?id=mib3.htm","$624.0","Sony / Columbia","May 25, 2012","Sci-Fi Comedy","1 hrs. 46 min.","PG-13","$225 million"
"106","Iron Man 2","/movies/?id=ironman2.htm","$623.9","Paramount","May 7, 2010","Action / Adventure","2 hrs. 5 min.","PG-13","$200 million"
"107","Ratatouille","/movies/?id=ratatouille.htm","$623.7","Buena Vista","June 29, 2007","Animation","1 hrs. 51 min.","G","$150 million"
"108","How to Train Your Dragon 2","/movies/?id=howtotrainyourdragon2.htm","$621.5","Fox","June 13, 2014","Animation","1 hrs. 45 min.","PG","$145 million"
"109","The Lost World: Jurassic Park","/movies/?id=jurassicpark2.htm","$618.6","Universal","May 23, 1997","Sci-Fi Horror","2 hrs. 9 min.","PG-13","$73 million"
"110","The Passion of the Christ","/movies/?id=passionofthechrist.htm","$611.9","Newmarket","February 25, 2004","Historical Drama","2 hrs. 6 min.","R","$30 million"
"111","Mamma Mia!","/movies/?id=mammamia.htm","$609.8","Universal","July 18, 2008","Musical","1 hrs. 48 min.","PG-13","$52 million"
"112","Life of Pi","/movies/?id=lifeofpi.htm","$609.0","Fox","November 21, 2012","Adventure","2 hrs. 6 min.","PG","$120 million"
"113","Madagascar: Escape 2 Africa","/movies/?id=madagascar2.htm","$603.9","Paramount (DreamWorks)","November 7, 2008","Animation","1 hrs. 29 min.","PG","$150 million"
"114","Casino Royale","/movies/?id=jamesbond21.htm","$599.0","Sony / Columbia","November 17, 2006","Action","2 hrs. 24 min.","PG-13","$150 million"
"115","Tangled","/movies/?id=rapunzel.htm","$591.8","Buena Vista","November 24, 2010","Animation","1 hrs. 40 min.","PG","$260 million"
"116","War of the Worlds","/movies/?id=waroftheworlds.htm","$591.7","Paramount","June 29, 2005","Sci-Fi Horror","1 hrs. 57 min.","PG-13","$132 million"
"117","Men in Black","/movies/?id=meninblack.htm","$589.4","Sony / Columbia","July 2, 1997","Sci-Fi Comedy","1 hrs. 37 min.","PG-13","$90 million"
"118","The Croods","/movies/?id=croods.htm","$587.2","Fox","March 22, 2013","Animation","1 hrs. 38 min.","PG","$135 million"
"119","The Hangover Part II","/movies/?id=hangover2.htm","$586.8","Warner Bros.","May 26, 2011","Comedy","1 hrs. 42 min.","R","$80 million"
"120","Quantum of Solace","/movies/?id=jamesbond22.htm","$586.1","Sony / Columbia","November 14, 2008","Action","1 hrs. 46 min.","PG-13","$200 million"
"121","I Am Legend","/movies/?id=iamlegend.htm","$585.3","Warner Bros.","December 14, 2007","Sci-Fi Horror","1 hrs. 40 min.","PG-13","$150 million"
"122","Iron Man","/movies/?id=ironman.htm","$585.2","Paramount","May 2, 2008","Action / Adventure","2 hrs. 6 min.","PG-13","$140 million"
"123","Night at the Museum","/movies/?id=nightatthemuseum.htm","$574.5","Fox","December 22, 2006","Family Adventure","1 hrs. 48 min.","PG","N/A"
"124","Fifty Shades of Grey","/movies/?id=fiftyshadesofgrey.htm","$571.0","Universal","February 13, 2015","Romance","2 hrs. 5 min.","R","$40 million"
"125","The Smurfs","/movies/?id=smurfs.htm","$563.7","Sony / Columbia","July 29, 2011","Family Comedy","1 hrs. 26 min.","PG","$110 million"
"126","Monsters, Inc.","/movies/?id=monstersinc.htm","$562.8","Buena Vista","November 2, 2001","Animation","1 hrs. 30 min.","G","$115 million"
"127","Cars 2","/movies/?id=cars2.htm","$559.9","Buena Vista","June 24, 2011","Animation","1 hrs. 53 min.","G","$200 million"
"128","Puss in Boots","/movies/?id=pussinboots12.htm","$555.0","Paramount (DreamWorks)","October 28, 2011","Animation","1 hrs. 30 min.","PG","$130 million"
"129","The Mermaid (Mei ren yu)","/movies/?id=mermaid2016.htm","$553.8","Sony / Columbia","February 19, 2016","Fantasy Drama","1 hrs. 40 min.","R","N/A"
"130","Armageddon","/movies/?id=armageddon.htm","$553.7","Buena Vista","July 1, 1998","Sci-Fi Action","2 hrs. 24 min.","PG-13","$140 million"
"131","King Kong","/movies/?id=kingkong05.htm","$550.5","Universal","December 14, 2005","Period Adventure","3 hrs. 7 min.","PG-13","$207 million"
"132","Ted","/movies/?id=ted.htm","$549.4","Universal","June 29, 2012","Comedy","1 hrs. 46 min.","R","$50 million"
"133","American Sniper","/movies/?id=americansniper.htm","$547.4","Warner Bros.","December 25, 2014","Drama","2 hrs. 12 min.","R","$58.8 million"
"134","Mission: Impossible II","/movies/?id=mi2.htm","$546.4","Paramount","May 24, 2000","Action","2 hrs. 3 min.","PG-13","$125 million"
"135","Sherlock Holmes: A Game of Shadows","/movies/?id=sherlockholmes2.htm","$545.4","Warner Bros.","December 16, 2011","Adventure","2 hrs. 8 min.","PG-13","N/A"
"136","The Day After Tomorrow","/movies/?id=dayaftertomorrow.htm","$544.3","Fox","May 28, 2004","Action Drama","2 hrs. 4 min.","PG-13","$125 million"
"137","Cinderella (2015)","/movies/?id=cinderella2015.htm","$543.5","Buena Vista","March 13, 2015","Fantasy","1 hrs. 52 min.","PG","$95 million"
"138","Despicable Me","/movies/?id=despicableme.htm","$543.1","Universal","July 9, 2010","Animation","1 hrs. 35 min.","PG","$69 million"
"139","World War Z","/movies/?id=worldwarz.htm","$540.0","Paramount","June 21, 2013","Action Horror","1 hrs. 56 min.","PG-13","$190 million"
"140","Brave","/movies/?id=bearandthebow.htm","$539.0","Buena Vista","June 22, 2012","Animation","1 hrs. 40 min.","PG","$185 million"
"141","The Empire Strikes Back","/movies/?id=starwars5.htm","$538.4","Fox","May 21, 1980","Sci-Fi Fantasy","2 hrs. 9 min.","PG","$18 million"
"142","X-Men: Apocalypse","/movies/?id=x-men2016.htm","$533.6","Fox","May 27, 2016","Action / Adventure","2 hrs. 23 min.","PG-13","$178 million"
"143","The Revenant","/movies/?id=revenant.htm","$533.0","Fox","December 25, 2015","Action / Adventure","2 hrs. 31 min.","R","$135 million"
"144","Madagascar","/movies/?id=madagascar.htm","$532.7","DreamWorks","May 27, 2005","Animation","1 hrs. 26 min.","PG","N/A"
"145","Godzilla (2014)","/movies/?id=godzilla2012.htm","$529.1","Warner Bros.","May 16, 2014","Sci-Fi Action","2 hrs. 3 min.","PG-13","$160 million"
"146","The Simpsons Movie","/movies/?id=simpsons.htm","$527.1","Fox","July 27, 2007","Animation","1 hrs. 27 min.","PG-13","$75 million"
"147","Sherlock Holmes","/movies/?id=sherlockholmes.htm","$524.0","Warner Bros.","December 25, 2009","Adventure","2 hrs. 14 min.","PG-13","$90 million"
"148","WALL-E","/movies/?id=wall-e.htm","$521.3","Buena Vista","June 27, 2008","Animation","1 hrs. 37 min.","G","$180 million"
"149","Terminator 2: Judgment Day","/movies/?id=terminator2.htm","$519.8","TriStar","July 3, 1991","Sci-Fi Action","2 hrs. 17 min.","R","$102 million"
"150","Ant-Man","/movies/?id=antman.htm","$519.4","Buena Vista","July 17, 2015","Action / Adventure","1 hrs. 57 min.","PG-13","$130 million"
"151","Kung Fu Panda 3","/movies/?id=kungfupanda3.htm","$519.0","Fox","January 29, 2016","Animation","1 hrs. 35 min.","PG","N/A"
"152","Meet the Fockers","/movies/?id=meetthefockers.htm","$516.6","Universal","December 22, 2004","Comedy","1 hrs. 54 min.","PG-13","$80 million"
"153","Ghost","/movies/?id=ghost.htm","$505.7","Paramount","July 13, 1990","Romance","2 hrs. 8 min.","PG-13","$22 million"
"154","Aladdin","/movies/?id=aladdin.htm","$504.1","Buena Vista","November 13, 1992","Animation","1 hrs. 30 min.","G","$28 million"
"155","Rio 2","/movies/?id=rio2.htm","$500.1","Fox","April 11, 2014","Animation","1 hrs. 41 min.","G","$103 million"
"156","Troy","/movies/?id=troy.htm","$497.4","Warner Bros.","May 14, 2004","Historical Epic","2 hrs. 43 min.","R","$175 million"
"157","How to Train Your Dragon","/movies/?id=howtotrainyourdragon.htm","$494.9","Paramount (DreamWorks)","March 26, 2010","Animation","1 hrs. 38 min.","PG","$165 million"
"158","Twister","/movies/?id=twister.htm","$494.5","Warner Bros.","May 10, 1996","Action Drama","1 hrs. 53 min.","PG-13","$92 million"
"159","Teenage Mutant Ninja Turtles (2014)","/movies/?id=tmnt2013.htm","$493.3","Paramount","August 8, 2014","Action / Adventure","1 hrs. 41 min.","PG-13","$125 million"
"160","Oz The Great and Powerful","/movies/?id=oz.htm","$493.3","Buena Vista","March 8, 2013","Adventure","2 hrs. 7 min.","PG","$215 million"
"161","Clash of the Titans (2010)","/movies/?id=clashofthetitans10.htm","$493.2","Warner Bros.","April 2, 2010","Fantasy","1 hrs. 58 min.","PG-13","$125 million"
"162","Angels & Demons","/movies/?id=angelsanddemons.htm","$485.9","Sony / Columbia","May 15, 2009","Thriller","2 hrs. 20 min.","PG-13","$150 million"
"163","Toy Story 2","/movies/?id=toystory2.htm","$485.0","Buena Vista","November 19, 1999","Animation","1 hrs. 32 min.","G","$90 million"
"164","Rio","/movies/?id=rio.htm","$484.6","Fox","April 15, 2011","Animation","1 hrs. 36 min.","G","$90 million"
"165","Bruce Almighty","/movies/?id=brucealmighty.htm","$484.6","Universal","May 23, 2003","Fantasy Comedy","1 hrs. 41 min.","PG-13","$81 million"
"166","Shrek","/movies/?id=shrek.htm","$484.4","DreamWorks","May 16, 2001","Animation","1 hrs. 30 min.","PG","$60 million"
"167","Saving Private Ryan","/movies/?id=savingprivateryan.htm","$481.8","DreamWorks","July 24, 1998","War","2 hrs. 50 min.","R","$70 million"
"168","Rise of the Planet of the Apes","/movies/?id=riseoftheapes.htm","$481.8","Fox","August 5, 2011","Sci-Fi Action","1 hrs. 50 min.","PG-13","$93 million"
"169","Mr. & Mrs. Smith","/movies/?id=mrandmrssmith.htm","$478.2","Fox","June 10, 2005","Action Comedy","1 hrs. 55 min.","PG-13","$110 million"
"170","Home Alone","/movies/?id=homealone.htm","$476.7","Fox","November 16, 1990","Family Comedy","1 hrs. 45 min.","PG","$18 million"
"171","Return of the Jedi","/movies/?id=starwars6.htm","$475.1","Fox","May 25, 1983","Sci-Fi Fantasy","2 hrs. 14 min.","PG","$32.5 million"
"172","Charlie and the Chocolate Factory","/movies/?id=charliechocolate.htm","$475.0","Warner Bros.","July 15, 2005","Family Adventure","1 hrs. 46 min.","PG","$150 million"
"173","Indiana Jones and the Last Crusade","/movies/?id=indianajonesandthelastcrusade.htm","$474.2","Paramount","May 24, 1989","Period Adventure","2 hrs. 7 min.","PG-13","$48 million"
"174","San Andreas","/movies/?id=sanandreas.htm","$474.0","Warner Bros.","May 29, 2015","Action","1 hrs. 54 min.","PG-13","$110 million"
"175","Hotel Transylvania 2","/movies/?id=hoteltransylvania2.htm","$473.2","Sony / Columbia","September 25, 2015","Animation","1 hrs. 29 min.","PG","$80 million"
"176","Wreck-It Ralph","/movies/?id=rebootralph.htm","$471.2","Buena Vista","November 2, 2012","Animation","1 hrs. 48 min.","PG","$165 million"
"177","Jaws","/movies/?id=jaws.htm","$470.7","Universal","June 20, 1975","Horror Thriller","2 hrs. 5 min.","PG","$7 million"
"178","The LEGO Movie","/movies/?id=lego.htm","$469.2","Warner Bros.","February 7, 2014","Animation","1 hrs. 40 min.","PG","$60 million"
"179","The Hangover","/movies/?id=hangover.htm","$467.5","Warner Bros.","June 5, 2009","Comedy","1 hrs. 36 min.","R","$35 million"
"180","Star Trek Into Darkness","/movies/?id=startrek12.htm","$467.4","Paramount","May 16, 2013","Sci-Fi Adventure","2 hrs. 3 min.","PG-13","$190 million"
"181","The Matrix","/movies/?id=matrix.htm","$463.5","Warner Bros.","March 31, 1999","Sci-Fi Action","2 hrs. 16 min.","R","$63 million"
"182","Pretty Woman","/movies/?id=prettywoman.htm","$463.4","Buena Vista","March 23, 1990","Romantic Comedy","1 hrs. 59 min.","R","$14 million"
"183","Lucy","/movies/?id=lucy.htm","$463.4","Universal","July 25, 2014","Sci-Fi Action","1 hrs. 30 min.","R","$40 million"
"184","Cars","/movies/?id=cars.htm","$462.0","Buena Vista","June 9, 2006","Animation","1 hrs. 56 min.","G","$120 million"
"185","X-Men: The Last Stand","/movies/?id=x3.htm","$459.4","Fox","May 26, 2006","Action / Adventure","1 hrs. 44 min.","PG-13","$210 million"
"186","Mission: Impossible","/movies/?id=missionimpossible.htm","$457.7","Paramount","May 22, 1996","Action","1 hrs. 50 min.","PG-13","$80 million"
"187","Gladiator","/movies/?id=gladiator.htm","$457.6","DreamWorks","May 5, 2000","Historical Epic","2 hrs. 35 min.","R","$103 million"
"188","National Treasure: Book of Secrets","/movies/?id=nationaltreasure2.htm","$457.4","Buena Vista","December 21, 2007","Adventure","2 hrs. 4 min.","PG","N/A"
"189","The Last Samurai","/movies/?id=lastsamurai.htm","$456.8","Warner Bros.","December 5, 2003","War","2 hrs. 34 min.","R","$140 million"
"190","300","/movies/?id=300.htm","$456.1","Warner Bros.","March 9, 2007","Period Action","1 hrs. 57 min.","R","$65 million"
"191","Ocean's Eleven","/movies/?id=oceanseleven.htm","$450.7","Warner Bros.","December 7, 2001","Crime Comedy","1 hrs. 56 min.","PG-13","$85 million"
"192","Thor","/movies/?id=thor.htm","$449.3","Paramount","May 6, 2011","Action / Adventure","1 hrs. 55 min.","PG-13","$150 million"
"193","Pearl Harbor","/movies/?id=pearlharbor.htm","$449.2","Buena Vista","May 25, 2001","War","3 hrs. 3 min.","PG-13","$140 million"
"194","Tarzan","/movies/?id=tarzan.htm","$448.2","Buena Vista","June 16, 1999","Animation","1 hrs. 28 min.","G","$130 million"
"195","Alvin and the Chipmunks: The Squeakquel","/movies/?id=alvinandthechipmunksii.htm","$443.1","Fox","December 23, 2009","Family Comedy","1 hrs. 28 min.","PG","$75 million"
"196","The Bourne Ultimatum","/movies/?id=bourneultimatum.htm","$442.8","Universal","August 3, 2007","Action Thriller","1 hrs. 51 min.","PG-13","$110 million"
"197","Men in Black II","/movies/?id=meninblack2.htm","$441.8","Sony / Columbia","July 3, 2002","Sci-Fi Comedy","1 hrs. 28 min.","PG-13","$140 million"
"198","Les Miserables (2012)","/movies/?id=lesmiserables2012.htm","$441.8","Universal","December 25, 2012","Musical","2 hrs. 37 min.","PG-13","$61 million"
"199","The Exorcist","/movies/?id=exorcist.htm","$441.3","Warner Bros.","December 26, 1973","Horror","2 hrs. 2 min.","R","N/A"
"200","Mrs. Doubtfire","/movies/?id=mrsdoubtfire.htm","$441.3","Fox","November 24, 1993","Family Comedy","2 hrs. 5 min.","PG-13","$25 million"
"201","Terminator: Genisys","/movies/?id=terminator2015.htm","$440.6","Paramount","July 1, 2015","Action","2 hrs. 6 min.","PG-13","$155 million"
"202","Terminator 3: Rise of the Machines","/movies/?id=terminator3.htm","$433.4","Warner Bros.","July 2, 2003","Sci-Fi Action","1 hrs. 49 min.","R","$200 million"
"203","The Mummy Returns","/movies/?id=mummyreturns.htm","$433.0","Universal","May 4, 2001","Period Adventure","2 hrs. 10 min.","PG-13","$98 million"
"204","Die Another Day","/movies/?id=dieanotherday.htm","$432.0","MGM","November 22, 2002","Action","2 hrs. 3 min.","PG-13","$142 million"
"205","Warcraft","/movies/?id=warcraft.htm","$430.2","Universal","June 10, 2016","Fantasy","2 hrs. 3 min.","PG-13","$160 million"
"206","Cast Away","/movies/?id=castaway.htm","$429.6","Fox","December 22, 2000","Drama","2 hrs. 23 min.","PG-13","$90 million"
"207","The Matrix Revolutions","/movies/?id=matrixrevolutions.htm","$427.3","Warner Bros.","November 5, 2003","Sci-Fi Action","2 hrs. 15 min.","R","$150 million"
"208","The Intouchables (U.S.-only)","/movies/?id=intouchables.htm","$426.6","Weinstein Company","May 25, 2012","Foreign","1 hrs. 52 min.","R","N/A"
"209","Django Unchained","/movies/?id=djangounchained.htm","$425.4","Weinstein Company","December 25, 2012","Western","2 hrs. 45 min.","R","$100 million"
"210","Beauty and the Beast","/movies/?id=beautyandthebeast.htm","$425.0","Buena Vista","November 15, 1991","Animation","1 hrs. 24 min.","G","$25 million"
"211","Dances with Wolves","/movies/?id=danceswithwolves.htm","$424.2","Orion Pictures","November 9, 1990","Western","3 hrs. 3 min.","PG-13","$22 million"
"212","The Chronicles of Narnia: Prince Caspian","/movies/?id=narnia2.htm","$419.7","Buena Vista","May 16, 2008","Fantasy","2 hrs. 20 min.","PG","$225 million"
"213","The Mummy","/movies/?id=mummy.htm","$415.9","Universal","May 7, 1999","Period Adventure","2 hrs. 4 min.","PG-13","$80 million"
"214","The Chronicles of Narnia: The Voyage of the Dawn Treader","/movies/?id=narnia3.htm","$415.7","Fox","December 10, 2010","Fantasy","1 hrs. 52 min.","PG","$155 million"
"215","Sex and the City","/movies/?id=sexandthecity.htm","$415.3","Warner Bros. (New Line)","May 30, 2008","Romantic Comedy","2 hrs. 15 min.","R","$65 million"
"216","The Wolverine","/movies/?id=wolverine2.htm","$414.8","Fox","July 26, 2013","Action","2 hrs. 6 min.","PG-13","$120 million"
"217","Kingsman: The Secret Service","/movies/?id=secretservice.htm","$414.4","Fox","February 13, 2015","Action / Adventure","2 hrs. 9 min.","R","$81 million"
"218","The King's Speech","/movies/?id=kingsspeech.htm","$414.2","Weinstein Company","November 26, 2010","Historical Drama","1 hrs. 58 min.","R","$15 million"
"219","Night at the Museum: Battle of the Smithsonian","/movies/?id=nightatthemuseum2.htm","$413.1","Fox","May 22, 2009","Family Adventure","1 hrs. 45 min.","PG","$150 million"
"220","Batman","/movies/?id=batman.htm","$411.3","Warner Bros.","June 23, 1989","Action / Adventure","2 hrs. 6 min.","PG-13","$35 million"
"221","The Bodyguard","/movies/?id=bodyguard.htm","$411.0","Warner Bros.","November 25, 1992","Romance","2 hrs. 10 min.","R","N/A"
"222","Pacific Rim","/movies/?id=pacificrim.htm","$411.0","Warner Bros.","July 12, 2013","Sci-Fi Action","2 hrs. 11 min.","PG-13","$190 million"
"223","Signs","/movies/?id=signs.htm","$408.2","Buena Vista","August 2, 2002","Sci-Fi Horror","1 hrs. 47 min.","PG-13","$72 million"
"224","X2: X-Men United","/movies/?id=x2.htm","$407.7","Fox","May 2, 2003","Action / Adventure","2 hrs. 14 min.","PG-13","$110 million"
"225","Prometheus","/movies/?id=prometheus.htm","$403.4","Fox","June 8, 2012","Sci-Fi Action","2 hrs. 4 min.","R","$130 million"
"226","The Mummy: Tomb of the Dragon Emperor","/movies/?id=mummy3.htm","$401.1","Universal","August 1, 2008","Period Adventure","1 hrs. 54 min.","PG-13","$145 million"
"227","Gone with the Wind","/movies/?id=gonewiththewind.htm","$400.2","MGM","December 15, 1939","Historical Epic","3 hrs. 58 min.","G","N/A"
"228","Tron Legacy","/movies/?id=tron2.htm","$400.1","Buena Vista","December 17, 2010","Sci-Fi Action","2 hrs. 5 min.","PG","$170 million"
"229","Mission: Impossible III","/movies/?id=mi3.htm","$397.9","Paramount","May 5, 2006","Action","2 hrs. 6 min.","PG-13","$150 million"
"230","Snow White and the Huntsman","/movies/?id=snowwhiteandthehuntsman.htm","$396.6","Universal","June 1, 2012","Adventure","2 hrs. 7 min.","PG-13","$170 million"
"231","Grease","/movies/?id=grease.htm","$395.0","Paramount","June 16, 1978","Musical","1 hrs. 50 min.","PG","$6 million"
"232","Twilight","/movies/?id=twilight08.htm","$393.6","Summit Entertainment","November 21, 2008","Romance","2 hrs. 0 min.","PG-13","$37 million"
"233","The Wolf of Wall Street","/movies/?id=wolfofwallstreet.htm","$392.0","Paramount","December 25, 2013","Drama","3 hrs. 0 min.","R","$100 million"
"234","Superman Returns","/movies/?id=superman06.htm","$391.1","Warner Bros.","June 28, 2006","Action / Adventure","2 hrs. 34 min.","PG-13","$270 million"
"235","Robin Hood: Prince of Thieves","/movies/?id=robinhoodprinceofthieves.htm","$390.5","Warner Bros.","June 14, 1991","Period Adventure","2 hrs. 23 min.","PG-13","$48 million"
"236","Raiders of the Lost Ark","/movies/?id=raidersofthelostark.htm","$389.9","Paramount","June 12, 1981","Period Adventure","1 hrs. 55 min.","PG","$18 million"
"237","Home (2015)","/movies/?id=happysmekday.htm","$386.0","Fox","March 27, 2015","Animation","1 hrs. 34 min.","PG","$135 million"
"238","Star Trek","/movies/?id=startrek11.htm","$385.7","Paramount","May 8, 2009","Sci-Fi Adventure","2 hrs. 6 min.","PG-13","$150 million"
"239","Monster Hunt","/movies/?id=monsterhunt.htm","$385.3","FilmRise","January 22, 2016","Action Fantasy","1 hrs. 51 min.","Unrated","N/A"
"240","Happy Feet","/movies/?id=happyfeet.htm","$384.3","Warner Bros.","November 17, 2006","Animation","1 hrs. 48 min.","PG","$100 million"
"241","Live Free or Die Hard","/movies/?id=diehard4.htm","$383.5","Fox","June 27, 2007","Action","2 hrs. 10 min.","PG-13","$110 million"
"242","Ice Age","/movies/?id=iceage.htm","$383.3","Fox","March 15, 2002","Animation","1 hrs. 21 min.","PG","$59 million"
"243","Monsters Vs. Aliens","/movies/?id=monstersvsaliens.htm","$381.5","Paramount (DreamWorks)","March 27, 2009","Animation","1 hrs. 34 min.","PG","$175 million"
"244","Back to the Future","/movies/?id=backtothefuture.htm","$381.1","Universal","July 3, 1985","Sci-Fi Adventure","1 hrs. 51 min.","PG","$19 million"
"245","Godzilla","/movies/?id=godzilla.htm","$379.0","Sony / Columbia","May 20, 1998","Sci-Fi Action","2 hrs. 20 min.","PG-13","$130 million"
"246","True Lies","/movies/?id=truelies.htm","$378.9","Fox","July 15, 1994","Action Comedy","2 hrs. 24 min.","R","$115 million"
"247","Mad Max: Fury Road","/movies/?id=furyroad.htm","$378.4","Warner Bros.","May 15, 2015","Sci-Fi Action","2 hrs. 0 min.","R","$150 million"
"248","Slumdog Millionaire","/movies/?id=slumdogmillionaire.htm","$377.9","Fox Searchlight","November 12, 2008","Drama","2 hrs. 0 min.","R","$15 million"
"249","Taken 2","/movies/?id=taken2.htm","$376.1","Fox","October 5, 2012","Action","1 hrs. 31 min.","PG-13","$45 million"
"250","G.I. Joe: Retaliation","/movies/?id=gijoe2.htm","$375.7","Paramount","March 28, 2013","Action","1 hrs. 39 min.","PG-13","$130 million"
"251","Batman Begins","/movies/?id=batmanbegins.htm","$374.2","Warner Bros.","June 15, 2005","Action / Adventure","2 hrs. 20 min.","PG-13","$150 million"
"252","What Women Want","/movies/?id=whatwomenwant.htm","$374.1","Paramount","December 15, 2000","Fantasy Comedy","2 hrs. 7 min.","PG-13","$70 million"
"253","The Adventures of Tintin","/movies/?id=tintin.htm","$374.0","Paramount","December 21, 2011","Animation","1 hrs. 41 min.","PG","N/A"
"254","X-Men Origins: Wolverine","/movies/?id=wolverine.htm","$373.1","Fox","May 1, 2009","Action / Adventure","1 hrs. 47 min.","PG-13","$150 million"
"255","Penguins of Madagascar","/movies/?id=penguinsofmadagascar.htm","$373.0","Fox","November 26, 2014","Animation","1 hrs. 32 min.","PG","$132 million"
"256","The Golden Compass","/movies/?id=goldencompass.htm","$372.2","New Line","December 7, 2007","Fantasy","1 hrs. 53 min.","PG-13","$180 million"
"257","Terminator Salvation","/movies/?id=terminatorsalvation.htm","$371.4","Warner Bros.","May 21, 2009","Sci-Fi Action","1 hrs. 54 min.","PG-13","$200 million"
"258","Captain America: The First Avenger","/movies/?id=captainamerica.htm","$370.6","Paramount","July 22, 2011","Action / Adventure","2 hrs. 5 min.","PG-13","$140 million"
"259","Edge of Tomorrow","/movies/?id=allyouneediskill.htm","$370.5","Warner Bros.","June 6, 2014","Sci-Fi Action","1 hrs. 53 min.","PG-13","$178 million"
"260","There's Something About Mary","/movies/?id=somethingaboutmary.htm","$369.9","Fox","July 15, 1998","Romantic Comedy","1 hrs. 59 min.","R","$23 million"
"261","Gone Girl","/movies/?id=gonegirl.htm","$369.3","Fox","October 3, 2014","Thriller","2 hrs. 25 min.","R","$61 million"
"262","The Fugitive","/movies/?id=fugitive.htm","$368.9","Warner Bros.","August 6, 1993","Action Thriller","2 hrs. 10 min.","PG-13","N/A"
"263","Jurassic Park III","/movies/?id=jurassicpark3.htm","$368.8","Universal","July 18, 2001","Sci-Fi Horror","1 hrs. 32 min.","PG-13","$93 million"
"264","My Big Fat Greek Wedding","/movies/?id=mybigfatgreekwedding.htm","$368.7","IFC","April 19, 2002","Romantic Comedy","1 hrs. 35 min.","PG","$5 million"
"265","Hitch","/movies/?id=hitch.htm","$368.1","Sony / Columbia","February 11, 2005","Romantic Comedy","1 hrs. 55 min.","PG-13","$70 million"
"266","Shark Tale","/movies/?id=sharktale.htm","$367.3","DreamWorks","October 1, 2004","Animation","1 hrs. 30 min.","PG","$75 million"
"267","Die Hard: With A Vengeance","/movies/?id=diehardwithavengeance.htm","$366.1","Fox","May 19, 1995","Action Thriller","2 hrs. 11 min.","R","$90 million"
"268","Notting Hill","/movies/?id=nottinghill.htm","$363.9","Universal","May 28, 1999","Romantic Comedy","2 hrs. 4 min.","PG-13","$42 million"
"269","A Bug's Life","/movies/?id=bugslife.htm","$363.4","Buena Vista","November 20, 1998","Animation","1 hrs. 36 min.","G","$120 million"
"270","Night at the Museum: Secret of the Tomb","/movies/?id=nightatthemuseum3.htm","$363.2","Fox","December 19, 2014","Family Adventure","1 hrs. 37 min.","PG","$127 million"
"271","Fast and Furious","/movies/?id=fastandthefurious4.htm","$363.2","Universal","April 3, 2009","Action","1 hrs. 39 min.","PG-13","$85 million"
"272","Ocean's Twelve","/movies/?id=oceanstwelve.htm","$362.7","Warner Bros.","December 10, 2004","Crime Comedy","2 hrs. 4 min.","PG-13","$110 million"
"273","Noah","/movies/?id=noah.htm","$362.6","Paramount","March 28, 2014","Drama","2 hrs. 18 min.","PG-13","$125 million"
"274","Planet of the Apes (2001)","/movies/?id=planetoftheapes01.htm","$362.2","Fox","July 27, 2001","Sci-Fi Action","1 hrs. 59 min.","PG-13","$100 million"
"275","The Hangover Part III","/movies/?id=hangover3.htm","$362.0","Warner Bros.","May 23, 2013","Comedy","1 hrs. 40 min.","R","$103 million"
"276","Toy Story","/movies/?id=toystory.htm","$362.0","Buena Vista","November 22, 1995","Animation","1 hrs. 21 min.","G","N/A"
"277","The World Is Not Enough","/movies/?id=worldisnotenough.htm","$361.8","MGM","November 19, 1999","Action","2 hrs. 8 min.","PG-13","$135 million"
"278","Alvin and the Chipmunks","/movies/?id=alvinandthechipmunks.htm","$361.3","Fox","December 14, 2007","Family Comedy","1 hrs. 32 min.","PG","$60 million"
"279","The Karate Kid","/movies/?id=karatekid2010.htm","$359.1","Sony / Columbia","June 11, 2010","Action Drama","2 hrs. 20 min.","PG","$40 million"
"280","Home Alone 2: Lost in New York","/movies/?id=homealone2.htm","$359.0","Fox","November 20, 1992","Family Comedy","2 hrs. 0 min.","PG","N/A"
"281","Hotel Transylvania","/movies/?id=hoteltransylvania.htm","$358.4","Sony / Columbia","September 28, 2012","Animation","1 hrs. 31 min.","PG","$85 million"
"282","Minority Report","/movies/?id=minorityreport.htm","$358.4","Fox","June 21, 2002","Sci-Fi Thriller","2 hrs. 24 min.","PG-13","$102 million"
"283","Top Gun","/movies/?id=topgun.htm","$356.8","Paramount","May 16, 1986","Action Drama","1 hrs. 50 min.","PG","N/A"
"284","American Beauty","/movies/?id=americanbeauty.htm","$356.3","DreamWorks","September 15, 1999","Drama","2 hrs. 2 min.","R","$15 million"
"285","Apollo 13","/movies/?id=apollo13.htm","$355.2","Universal","June 30, 1995","Action Thriller","2 hrs. 20 min.","PG","N/A"
"286","Rain Man","/movies/?id=rainman.htm","$354.8","MGM","December 16, 1988","Drama","2 hrs. 13 min.","R","$25 million"
"287","X-Men: First Class","/movies/?id=xmenfirstclass.htm","$353.6","Fox","June 3, 2011","Action / Adventure","2 hrs. 11 min.","PG-13","$160 million"
"288","Basic Instinct","/movies/?id=basicinstinct.htm","$352.9","TriStar","March 20, 1992","Thriller","2 hrs. 3 min.","R","$49 million"
"289","GoldenEye","/movies/?id=goldeneye.htm","$352.2","MGM","November 17, 1995","Action","2 hrs. 10 min.","PG-13","N/A"
"290","Catch Me If You Can","/movies/?id=catchmeifyoucan.htm","$352.1","DreamWorks","December 25, 2002","Comedy / Drama","2 hrs. 20 min.","PG-13","$52 million"
"291","Now You See Me","/movies/?id=nowyouseeme.htm","$351.7","Lionsgate/Summit","May 31, 2013","Thriller","1 hrs. 56 min.","PG-13","$75 million"
"292","Hannibal","/movies/?id=hannibal.htm","$351.7","MGM","February 9, 2001","Thriller","2 hrs. 11 min.","R","$87 million"
"293","The Mask","/movies/?id=mask.htm","$351.6","New Line","July 29, 1994","Comedy","1 hrs. 37 min.","PG-13","$23 million"
"294","The Great Gatsby (2013)","/movies/?id=greatgatsby2012.htm","$351.0","Warner Bros.","May 10, 2013","Drama","2 hrs. 23 min.","PG-13","$105 million"
"295","Speed","/movies/?id=speed.htm","$350.4","Fox","June 10, 1994","Action Thriller","1 hrs. 56 min.","R","$30 million"
"296","Dinosaur","/movies/?id=dinosaur.htm","$349.8","Buena Vista","May 19, 2000","Animation","1 hrs. 22 min.","PG","$127.5 million"
"297","Deep Impact","/movies/?id=deepimpact.htm","$349.5","Paramount","May 8, 1998","Action Drama","2 hrs. 0 min.","PG-13","N/A"
"298","Dr. Seuss' The Lorax","/movies/?id=lorax.htm","$348.8","Universal","March 2, 2012","Animation","1 hrs. 35 min.","PG","$70 million"
"299","The Maze Runner","/movies/?id=mazerunner.htm","$348.3","Fox","September 19, 2014","Sci-Fi Thriller","1 hrs. 53 min.","PG-13","$34 million"
"300","The Smurfs 2","/movies/?id=smurfs2.htm","$347.5","Sony / Columbia","July 31, 2013","Family Comedy","1 hrs. 45 min.","PG","$105 million"
"301","National Treasure","/movies/?id=nationaltreasure.htm","$347.5","Buena Vista","November 19, 2004","Adventure","2 hrs. 11 min.","PG","$100 million"
"302","Rush Hour 2","/movies/?id=rushhour2.htm","$347.3","New Line","August 3, 2001","Action Comedy","1 hrs. 30 min.","PG-13","$90 million"
"303","I, Robot","/movies/?id=irobot.htm","$347.2","Fox","July 16, 2004","Sci-Fi Thriller","1 hrs. 45 min.","PG-13","$120 million"
"304","Pocahontas","/movies/?id=pocahontas.htm","$346.1","Buena Vista","June 16, 1995","Animation","1 hrs. 21 min.","G","N/A"
"305","How the Grinch Stole Christmas","/movies/?id=grinch.htm","$345.1","Universal","November 17, 2000","Family Comedy","1 hrs. 44 min.","PG","$123 million"
"306","Alvin and the Chipmunks: Chipwrecked","/movies/?id=alvin3d.htm","$342.7","Fox","December 16, 2011","Family Comedy","1 hrs. 27 min.","G","$75 million"
"307","The Flintstones","/movies/?id=flintstones.htm","$341.6","Universal","May 27, 1994","Family Comedy","1 hrs. 31 min.","PG","$46 million"
"308","The Angry Birds Movie","/movies/?id=angrybirds.htm","$341.6","Sony / Columbia","May 20, 2016","Animation","1 hrs. 37 min.","PG","$73 million"
"309","Wanted","/movies/?id=wanted.htm","$341.4","Universal","June 27, 2008","Action / Adventure","1 hrs. 48 min.","R","$75 million"
"310","Enchanted","/movies/?id=enchanted.htm","$340.5","Buena Vista","November 21, 2007","Family Adventure","1 hrs. 47 min.","PG","$85 million"
"311","300: Rise of An Empire","/movies/?id=300sequel.htm","$337.6","Warner Bros.","March 7, 2014","Period Action","1 hrs. 42 min.","R","$110 million"
"312","Batman Forever","/movies/?id=batmanforever.htm","$336.5","Warner Bros.","June 16, 1995","Action / Adventure","2 hrs. 2 min.","PG-13","$100 million"
"313","Prince of Persia: The Sands of Time","/movies/?id=princeofpersia.htm","$336.4","Buena Vista","May 28, 2010","Adventure","1 hrs. 55 min.","PG-13","$200 million"
"314","Over the Hedge","/movies/?id=overthehedge.htm","$336.0","Paramount (DreamWorks)","May 19, 2006","Animation","1 hrs. 27 min.","PG","N/A"
"315","Journey 2: The Mysterious Island","/movies/?id=journey2.htm","$335.3","Warner Bros. (New Line)","February 10, 2012","Adventure","1 hrs. 34 min.","PG","$79 million"
"316","The Rock","/movies/?id=rock.htm","$335.1","Buena Vista","June 7, 1996","Action","2 hrs. 16 min.","R","$75 million"
"317","The Curious Case of Benjamin Button","/movies/?id=curiouscaseofbenjaminbutton.htm","$333.9","Paramount","December 25, 2008","Fantasy Drama","2 hrs. 48 min.","PG-13","$150 million"
"318","Indiana Jones and the Temple of Doom","/movies/?id=indianajonesandthetempleofdoom.htm","$333.1","Paramount","May 23, 1984","Period Adventure","1 hrs. 58 min.","PG","$28 million"
"319","Tomorrow Never Dies","/movies/?id=tomorrowneverdies.htm","$333.0","MGM","December 19, 1997","Action","1 hrs. 59 min.","PG-13","N/A"
"320","Back to the Future Part II","/movies/?id=backtothefuture2.htm","$332.0","Universal","November 22, 1989","Sci-Fi Adventure","1 hrs. 48 min.","PG","$40 million"
"321","The Good Dinosaur","/movies/?id=pixar2013.htm","$331.9","Buena Vista","November 25, 2015","Animation","1 hrs. 40 min.","PG","N/A"
"322","22 Jump Street","/movies/?id=21jumpstreet2.htm","$331.3","Sony / Columbia","June 13, 2014","Action Comedy","1 hrs. 52 min.","R","$50 million"
"323","Fantastic Four (2005)","/movies/?id=fantasticfour.htm","$330.6","Fox","July 8, 2005","Action / Adventure","2 hrs. 3 min.","PG-13","$100 million"
"324","Meet the Parents","/movies/?id=meettheparents.htm","$330.4","Universal","October 6, 2000","Comedy","1 hrs. 48 min.","PG-13","$55 million"
"325","Who Framed Roger Rabbit","/movies/?id=whoframedrogerrabbit.htm","$329.8","Buena Vista","June 24, 1988","Fantasy Comedy","1 hrs. 43 min.","PG","$70 million"
"326","Black Swan","/movies/?id=blackswan.htm","$329.4","Fox Searchlight","December 3, 2010","Drama / Thriller","1 hrs. 43 min.","R","$13 million"
"327","The Perfect Storm","/movies/?id=perfectstorm.htm","$328.7","Warner Bros.","June 30, 2000","Action Drama","2 hrs. 9 min.","PG-13","$140 million"
"328","Crocodile Dundee","/movies/?id=crocodiledundee.htm","$328.2","Paramount","September 26, 1986","Adventure Comedy","1 hrs. 33 min.","PG-13","N/A"
"329","Seven","/movies/?id=seven.htm","$327.3","New Line","September 22, 1995","Thriller","2 hrs. 7 min.","R","$33 million"
"330","The Devil Wears Prada","/movies/?id=devilwearsprada.htm","$326.6","Fox","June 30, 2006","Comedy","1 hrs. 46 min.","PG-13","$35 million"
"331","Taken 3","/movies/?id=taken3.htm","$326.5","Fox","January 9, 2015","Action","1 hrs. 49 min.","PG-13","$48 million"
"332","The Hunchback of Notre Dame","/movies/?id=hunchbackofnotredame.htm","$325.3","Buena Vista","June 21, 1996","Animation","1 hrs. 31 min.","G","$100 million"
"333","A Christmas Carol (2009)","/movies/?id=christmascarol09.htm","$325.3","Buena Vista","November 6, 2009","Animation","1 hrs. 36 min.","PG","$200 million"
"334","The SpongeBob Movie: Sponge Out of Water","/movies/?id=spongebob2.htm","$323.4","Paramount","February 6, 2015","Animation","1 hrs. 33 min.","PG","$74 million"
"335","Megamind","/movies/?id=mastermind.htm","$321.9","Paramount (DreamWorks)","November 5, 2010","Animation","1 hrs. 36 min.","PG","$130 million"
"336","Lethal Weapon 3","/movies/?id=lethalweapon3.htm","$321.7","Warner Bros.","May 15, 1992","Action Comedy","1 hrs. 58 min.","R","$35 million"
"337","Robin Hood","/movies/?id=nottingham.htm","$321.7","Universal","May 14, 2010","Period Adventure","2 hrs. 28 min.","PG-13","$200 million"
"338","Inglourious Basterds","/movies/?id=inglouriousbasterds.htm","$321.5","Weinstein Company","August 21, 2009","War","2 hrs. 32 min.","R","$70 million"
"339","Schindler's List","/movies/?id=schindlerslist.htm","$321.3","Universal","December 15, 1993","War Drama","3 hrs. 14 min.","R","$22 million"
"340","101 Dalmatians (1996)","/movies/?id=101dalmatiansliveaction.htm","$320.7","Buena Vista","November 27, 1996","Family Comedy","1 hrs. 43 min.","G","N/A"
"341","Fatal Attraction","/movies/?id=fatalattraction.htm","$320.1","Paramount","September 18, 1987","Thriller","2 hrs. 3 min.","R","N/A"
"342","The Last Airbender","/movies/?id=lastairbender.htm","$319.7","Paramount","July 1, 2010","Fantasy","1 hrs. 43 min.","PG","$150 million"
"343","The Conjuring","/movies/?id=conjuring.htm","$318.0","Warner Bros. (New Line)","July 19, 2013","Horror","1 hrs. 52 min.","R","$20 million"
"344","The Proposal","/movies/?id=proposal.htm","$317.4","Buena Vista","June 19, 2009","Romantic Comedy","1 hrs. 48 min.","PG-13","$40 million"
"345","Beverly Hills Cop","/movies/?id=beverlyhillscop.htm","$316.4","Paramount","December 5, 1984","Action Comedy","1 hrs. 45 min.","R","N/A"
"346","Air Force One","/movies/?id=airforceone.htm","$315.2","Sony / Columbia","July 25, 1997","Action Thriller","2 hrs. 4 min.","R","$85 million"
"347","Chicken Little","/movies/?id=chickenlittle.htm","$314.4","Buena Vista","November 4, 2005","Animation","1 hrs. 21 min.","G","$150 million"
"348","As Good as It Gets","/movies/?id=asgoodasitgets.htm","$314.2","Sony / Columbia","December 23, 1997","Romantic Comedy","2 hrs. 19 min.","PG-13","$50 million"
"349","A Beautiful Mind","/movies/?id=beautifulmind.htm","$313.5","Universal","December 21, 2001","Period Drama","2 hrs. 16 min.","PG-13","$58 million"
"350","Maze Runner: The Scorch Trials","/movies/?id=mazerunner2.htm","$312.3","Fox","September 18, 2015","Action / Adventure","2 hrs. 11 min.","PG-13","$61 million"
"351","Austin Powers: The Spy Who Shagged Me","/movies/?id=austinpowers2.htm","$312.0","New Line","June 11, 1999","Comedy","1 hrs. 35 min.","PG-13","$33 million"
"352","Ocean's Thirteen","/movies/?id=oceans13.htm","$311.3","Warner Bros.","June 8, 2007","Crime Comedy","1 hrs. 53 min.","PG-13","N/A"
"353","Little Fockers","/movies/?id=meetthefockerssequel.htm","$310.7","Universal","December 22, 2010","Comedy","1 hrs. 38 min.","PG-13","$100 million"
"354","Bolt","/movies/?id=bolt.htm","$310.0","Buena Vista","November 21, 2008","Animation","1 hrs. 36 min.","PG","$150 million"
"355","Independence Day: Resurgence","/movies/?id=id42.htm","$309.8","Fox","June 24, 2016","Sci-Fi Adventure","2 hrs. 0 min.","PG-13","$165 million"
"356","Ransom","/movies/?id=ransom.htm","$309.5","Buena Vista","November 8, 1996","Thriller","2 hrs. 1 min.","R","N/A"
"357","Runaway Bride","/movies/?id=runawaybride.htm","$309.5","Paramount","July 30, 1999","Romantic Comedy","1 hrs. 56 min.","PG","$70 million"
"358","The Blind Side","/movies/?id=blindside.htm","$309.2","Warner Bros.","November 20, 2009","Sports Drama","2 hrs. 6 min.","PG-13","$29 million"
"359","The Polar Express","/movies/?id=polarexpress.htm","$307.5","Warner Bros.","November 10, 2004","Animation","1 hrs. 40 min.","G","$165 million"
"360","The Fault in our Stars","/movies/?id=faultinourstars.htm","$307.2","Fox","June 6, 2014","Drama","2 hrs. 5 min.","PG-13","$12 million"
"361","The Pursuit of Happyness","/movies/?id=pursuitofhappyness.htm","$307.1","Sony / Columbia","December 15, 2006","Drama","1 hrs. 56 min.","PG-13","$55 million"
"362","Rise of the Guardians","/movies/?id=guardians.htm","$306.9","Paramount (DreamWorks)","November 21, 2012","Animation","1 hrs. 37 min.","PG","$145 million"
"363","Chicago","/movies/?id=chicago.htm","$306.8","Miramax","December 27, 2002","Musical","1 hrs. 47 min.","PG-13","$45 million"
"364","The Expendables 2","/movies/?id=expendables2.htm","$305.4","Lionsgate","August 17, 2012","Action","1 hrs. 42 min.","R","$100 million"
"365","Wrath of the Titans","/movies/?id=clashofthetitans2.htm","$305.3","Warner Bros.","March 30, 2012","Fantasy","1 hrs. 39 min.","PG-13","$150 million"
"366","A Good Day to Die Hard","/movies/?id=diehard5.htm","$304.7","Fox","February 14, 2013","Action","1 hrs. 37 min.","R","$92 million"
"367","Mulan","/movies/?id=mulan.htm","$304.3","Buena Vista","June 19, 1998","Animation","1 hrs. 28 min.","G","N/A"
"368","Close Encounters of the Third Kind","/movies/?id=closeencountersofthethirdkind.htm","$303.8","Columbia","November 16, 1977","Sci-Fi","2 hrs. 17 min.","PG","$20 million"
"369","Battleship","/movies/?id=battleship.htm","$303.0","Universal","May 18, 2012","Action","2 hrs. 11 min.","PG-13","$209 million"
"370","Liar Liar","/movies/?id=liarliar.htm","$302.7","Universal","March 21, 1997","Fantasy Comedy","1 hrs. 26 min.","PG-13","N/A"
"371","G.I. Joe: The Rise of Cobra","/movies/?id=gijoe.htm","$302.5","Paramount","August 7, 2009","Action","1 hrs. 58 min.","PG-13","$175 million"
"372","Hook","/movies/?id=hook.htm","$300.9","TriStar","December 11, 1991","Fantasy","2 hrs. 22 min.","PG","$70 million"
"373","Rocky IV","/movies/?id=rocky4.htm","$300.5","United Artists","November 27, 1985","Sports Drama","1 hrs. 31 min.","PG","N/A"
"374","Rambo: First Blood Part II","/movies/?id=rambo2.htm","$300.4","TriStar","May 22, 1985","Action","1 hrs. 34 min.","R","N/A"
"375","Van Helsing","/movies/?id=vanhelsing.htm","$300.3","Universal","May 7, 2004","Period Horror","2 hrs. 10 min.","PG-13","$160 million"
"376","Superman","/movies/?id=superman.htm","$300.2","Warner Bros.","December 15, 1978","Action / Adventure","2 hrs. 23 min.","PG","$55 million"
"377","Stuart Little","/movies/?id=stuartlittle.htm","$300.1","Sony / Columbia","December 17, 1999","Family Adventure","1 hrs. 24 min.","PG","$133 million"
"378","Beverly Hills Cop II","/movies/?id=beverlyhillscop2.htm","$300.0","Paramount","May 20, 1987","Action Comedy","1 hrs. 43 min.","R","N/A"
"379","My Best Friend's Wedding","/movies/?id=mybestfriendswedding.htm","$299.3","Sony / Columbia","June 20, 1997","Romantic Comedy","1 hrs. 45 min.","PG-13","$38 million"
"380","Real Steel","/movies/?id=realsteel.htm","$299.3","Buena Vista","October 7, 2011","Action Drama","2 hrs. 7 min.","PG-13","N/A"
"381","The Divergent Series: Insurgent","/movies/?id=insurgent.htm","$297.3","Lionsgate/Summit","March 20, 2015","Action / Adventure","1 hrs. 59 min.","PG-13","$110 million"
"382","Dr. Seuss' Horton Hears a Who!","/movies/?id=hortonhearsawho.htm","$297.1","Fox","March 14, 2008","Animation","1 hrs. 28 min.","G","$85 million"
"383","Look Who's Talking","/movies/?id=lookwhostalking.htm","$297.0","TriStar","October 13, 1989","Family Comedy","1 hrs. 33 min.","PG-13","N/A"
"384","Austin Powers in Goldmember","/movies/?id=austinpowers3.htm","$296.7","New Line","July 26, 2002","Comedy","1 hrs. 34 min.","PG-13","$63 million"
"385","X-Men","/movies/?id=xmen.htm","$296.3","Fox","July 14, 2000","Action / Adventure","1 hrs. 44 min.","PG-13","$75 million"
"386","Resident Evil: Afterlife","/movies/?id=residentevil4.htm","$296.2","Sony / Screen Gems","September 10, 2010","Action Horror","1 hrs. 40 min.","R","$60 million"
"387","Ghostbusters","/movies/?id=ghostbusters.htm","$295.2","Columbia","June 8, 1984","Horror Comedy","1 hrs. 47 min.","PG","$30 million"
"388","Shutter Island","/movies/?id=shutterisland.htm","$294.8","Paramount","February 19, 2010","Period Drama","2 hrs. 18 min.","R","$80 million"
"389","Doctor Dolittle","/movies/?id=drdolittle.htm","$294.5","Fox","June 26, 1998","Family Comedy","1 hrs. 25 min.","PG-13","N/A"
"390","Salt","/movies/?id=salt10.htm","$293.5","Sony / Columbia","July 23, 2010","Action Thriller","1 hrs. 39 min.","PG-13","$110 million"
"391","G-Force","/movies/?id=g-force.htm","$292.8","Buena Vista","July 24, 2009","Family Adventure","1 hrs. 30 min.","PG","$150 million"
"392","The Conjuring 2","/movies/?id=conjuring2.htm","$292.5","Warner Bros. (New Line)","June 10, 2016","Horror","2 hrs. 14 min.","R","$40 million"
"393","What Lies Beneath","/movies/?id=whatliesbeneath.htm","$291.4","DreamWorks","July 21, 2000","Horror","2 hrs. 10 min.","PG-13","$100 million"
"394","The Departed","/movies/?id=departed.htm","$289.8","Warner Bros.","October 6, 2006","Crime Drama","2 hrs. 30 min.","R","$90 million"
"395","Shakespeare in Love","/movies/?id=shakespeareinlove.htm","$289.3","Miramax","December 11, 1998","Period Comedy","2 hrs. 3 min.","R","$25 million"
"396","Fantastic Four: Rise of the Silver Surfer","/movies/?id=fantasticfour2.htm","$289.0","Fox","June 15, 2007","Action / Adventure","1 hrs. 29 min.","PG","$130 million"
"397","Divergent","/movies/?id=divergent.htm","$288.9","Lionsgate/Summit","March 21, 2014","Action / Adventure","2 hrs. 23 min.","PG-13","$85 million"
"398","Coming to America","/movies/?id=comingtoamerica.htm","$288.8","Paramount","June 29, 1988","Romantic Comedy","1 hrs. 56 min.","R","N/A"
"399","The Bourne Supremacy","/movies/?id=bournesupremacy.htm","$288.5","Universal","July 23, 2004","Action Thriller","1 hrs. 48 min.","PG-13","$75 million"
"400","Bridesmaids","/movies/?id=wiigapatow.htm","$288.4","Universal","May 13, 2011","Comedy","2 hrs. 5 min.","R","$32.5 million"
"401","Sex and the City 2","/movies/?id=sexandthecity2.htm","$288.3","Warner Bros. (New Line)","May 27, 2010","Romantic Comedy","2 hrs. 27 min.","R","$100 million"
"402","Casper","/movies/?id=casper.htm","$287.9","Universal","May 26, 1995","Family Comedy","1 hrs. 41 min.","PG","N/A"
"403","Bee Movie","/movies/?id=beemovie.htm","$287.6","Paramount (DreamWorks)","November 2, 2007","Animation","1 hrs. 30 min.","PG","$150 million"
"404","American Pie 2","/movies/?id=americanpie2.htm","$287.6","Universal","August 10, 2001","Comedy","1 hrs. 44 min.","R","$30 million"
"405","Pitch Perfect 2","/movies/?id=pitchperfect2.htm","$287.5","Universal","May 15, 2015","Comedy","1 hrs. 55 min.","PG-13","$29 million"
"406","The Green Mile","/movies/?id=greenmile.htm","$286.8","Warner Bros.","December 10, 1999","Period Drama","3 hrs. 8 min.","R","$60 million"
"407","Oblivion","/movies/?id=oblivion.htm","$286.2","Universal","April 19, 2013","Sci-Fi Adventure","2 hrs. 5 min.","PG-13","$120 million"
"408","Elysium","/movies/?id=elysium.htm","$286.1","TriStar","August 9, 2013","Sci-Fi","1 hrs. 49 min.","R","$115 million"
"409","Lethal Weapon 4","/movies/?id=lethalweapon4.htm","$285.4","Warner Bros.","July 10, 1998","Action Comedy","2 hrs. 7 min.","R","$140 million"
"410","Wedding Crashers","/movies/?id=weddingcrashers.htm","$285.2","New Line","July 15, 2005","Comedy","1 hrs. 53 min.","R","$40 million"
"411","John Carter","/movies/?id=johncarterofmars.htm","$284.1","Buena Vista","March 9, 2012","Sci-Fi Adventure","2 hrs. 12 min.","PG-13","$250 million"
"412","Turbo","/movies/?id=turbo.htm","$282.6","Fox","July 17, 2013","Animation","1 hrs. 36 min.","PG","$135 million"
"413","Bridget Jones's Diary","/movies/?id=bridgetjonessdiary.htm","$281.9","Miramax","April 13, 2001","Romantic Comedy","1 hrs. 37 min.","R","$25 million"
"414","The Tourist","/movies/?id=tourist.htm","$278.3","Sony / Columbia","December 10, 2010","Romantic Thriller","1 hrs. 43 min.","PG-13","$100 million"
"415","Scary Movie","/movies/?id=scarymovie.htm","$278.0","Miramax","July 7, 2000","Horror Comedy","1 hrs. 28 min.","R","$19 million"
"416","XXX","/movies/?id=xxx.htm","$277.4","Sony (Revolution)","August 9, 2002","Action","1 hrs. 53 min.","PG-13","$70 million"
"417","The Bourne Legacy","/movies/?id=bourne4.htm","$276.1","Universal","August 10, 2012","Action","2 hrs. 15 min.","PG-13","$125 million"
"418","Mr. Peabody & Sherman","/movies/?id=mrpeabodyandsherman.htm","$275.7","Fox","March 7, 2014","Animation","1 hrs. 30 min.","PG","$145 million"
"419","Scooby-Doo","/movies/?id=scoobydoo.htm","$275.7","Warner Bros.","June 14, 2002","Family Adventure","1 hrs. 26 min.","PG","$84 million"
"420","Lincoln","/movies/?id=lincoln.htm","$275.3","Buena Vista","November 9, 2012","Historical Drama","2 hrs. 25 min.","PG-13","$65 million"
"421","Spirited Away","/movies/?id=spiritedaway.htm","$274.9","Buena Vista","September 20, 2002","Animation","2 hrs. 4 min.","PG","N/A"
"422","Lara Croft: Tomb Raider","/movies/?id=tombraider.htm","$274.7","Paramount","June 15, 2001","Action / Adventure","1 hrs. 40 min.","PG-13","$115 million"
"423","The Expendables","/movies/?id=expendables.htm","$274.5","Lionsgate","August 13, 2010","Action","1 hrs. 43 min.","R","$80 million"
"424","Cloudy with a Chance of Meatballs 2","/movies/?id=cloudy2.htm","$274.3","Sony / Columbia","September 27, 2013","Animation","1 hrs. 35 min.","PG","$78 million"
"425","The Nutty Professor (1996)","/movies/?id=nuttyprofessor.htm","$274.0","Universal","June 28, 1996","Comedy","1 hrs. 43 min.","PG-13","$54 million"
"426","Jerry Maguire","/movies/?id=jerrymaguire.htm","$273.6","Sony / Columbia","December 13, 1996","Comedy / Drama","2 hrs. 18 min.","R","$50 million"
"427","Bad Boys II","/movies/?id=badboys2.htm","$273.3","Sony / Columbia","July 18, 2003","Action Comedy","2 hrs. 27 min.","R","$130 million"
"428","Lilo & Stitch","/movies/?id=lilostitch.htm","$273.1","Buena Vista","June 21, 2002","Animation","1 hrs. 25 min.","PG","$80 million"
"429","The Silence of the Lambs","/movies/?id=silenceofthelambs.htm","$272.7","Orion Pictures","February 14, 1991","Thriller","1 hrs. 58 min.","R","$19 million"
"430","Grown Ups","/movies/?id=grownups.htm","$271.4","Sony / Columbia","June 25, 2010","Comedy","1 hrs. 42 min.","PG-13","$80 million"
"431","Alice Through the Looking Glass","/movies/?id=alice2.htm","$270.9","Buena Vista","May 27, 2016","Family Adventure","1 hrs. 52 min.","PG","$170 million"
"432","Neighbors","/movies/?id=townies.htm","$270.7","Universal","May 9, 2014","Comedy","1 hrs. 36 min.","R","$18 million"
"433","The Firm","/movies/?id=firm.htm","$270.2","Paramount","July 2, 1993","Thriller","2 hrs. 34 min.","R","N/A"
"434","We're the Millers","/movies/?id=werethemillers.htm","$270.0","Warner Bros. (New Line)","August 7, 2013","Comedy","1 hrs. 50 min.","R","$37 million"
"435","Gran Torino","/movies/?id=grantorino.htm","$270.0","Warner Bros.","December 12, 2008","Action Drama","1 hrs. 56 min.","R","$33 million"
"436","10,000 B.C.","/movies/?id=10000bc.htm","$269.8","Warner Bros.","March 7, 2008","Period Adventure","1 hrs. 49 min.","PG-13","$105 million"
"437","Epic","/movies/?id=leafmen.htm","$268.4","Fox","May 24, 2013","Animation","1 hrs. 42 min.","PG","$100 million"
"438","Exodus: Gods and Kings","/movies/?id=exodus.htm","$268.2","Fox","December 12, 2014","Drama","2 hrs. 30 min.","PG-13","$140 million"
"439","Bambi","/movies/?id=bambi.htm","$267.4","RKO","August 21, 1942","Animation","1 hrs. 9 min.","G","N/A"
"440","The Princess and the Frog","/movies/?id=princessandthefrog.htm","$267.0","Buena Vista","November 25, 2009","Animation","1 hrs. 35 min.","G","$105 million"
"441","Batman Returns","/movies/?id=batmanreturns.htm","$266.8","Warner Bros.","June 19, 1992","Action / Adventure","2 hrs. 6 min.","PG-13","$80 million"
"442","Something's Gotta Give","/movies/?id=somethingsgottagive.htm","$266.7","Sony / Columbia","December 12, 2003","Romantic Comedy","2 hrs. 8 min.","PG-13","$80 million"
"443","Indecent Proposal","/movies/?id=indecentproposal.htm","$266.6","Paramount","April 9, 1993","Romance","1 hrs. 56 min.","R","N/A"
"444","American Gangster","/movies/?id=americangangster.htm","$266.5","Universal","November 2, 2007","Crime Drama","2 hrs. 40 min.","R","$100 million"
"445","Waterworld","/movies/?id=waterworld.htm","$264.2","Universal","July 28, 1995","Sci-Fi Adventure","2 hrs. 16 min.","PG-13","$175 million"
"446","The Truman Show","/movies/?id=trumanshow.htm","$264.1","Paramount","June 5, 1998","Comedy / Drama","1 hrs. 43 min.","PG","N/A"
"447","Charlie's Angels","/movies/?id=charliesangels.htm","$264.1","Sony / Columbia","November 3, 2000","Action Comedy","1 hrs. 38 min.","PG-13","$93 million"
"448","The Fifth Element","/movies/?id=fifthelement.htm","$263.9","Sony / Columbia","May 9, 1997","Sci-Fi Action","2 hrs. 6 min.","PG-13","N/A"
"449","The Incredible Hulk","/movies/?id=incrediblehulk.htm","$263.4","Universal","June 13, 2008","Action / Adventure","1 hrs. 54 min.","PG-13","$150 million"
"450","Jumanji","/movies/?id=jumanji.htm","$262.8","Sony / Columbia","December 15, 1995","Family Adventure","1 hrs. 44 min.","PG","$65 million"
"451","Bridget Jones: The Edge of Reason","/movies/?id=bridgetjones2.htm","$262.5","Universal","November 12, 2004","Romantic Comedy","1 hrs. 48 min.","R","$40 million"
"452","Knight & Day","/movies/?id=cruisediaz10.htm","$261.9","Fox","June 23, 2010","Comedy","2 hrs. 10 min.","PG-13","$117 million"
"453","Borat: Cultural Learnings of America for Make Benefit Glorious Nation of Kazakhstan","/movies/?id=borat.htm","$261.6","Fox","November 3, 2006","Comedy","1 hrs. 24 min.","R","$18 million"
"454","Total Recall","/movies/?id=totalrecall.htm","$261.3","Sony / Columbia","June 1, 1990","Sci-Fi Action","1 hrs. 53 min.","R","$65 million"
"455","Michael Jackson's This Is It","/movies/?id=michaeljacksonthisisit.htm","$261.2","Sony / Columbia","October 28, 2009","Concert","2 hrs. 1 min.","PG","N/A"
"456","Robots","/movies/?id=robots.htm","$260.7","Fox","March 11, 2005","Animation","1 hrs. 30 min.","PG","$75 million"
"457","The Lone Ranger","/movies/?id=loneranger.htm","$260.5","Buena Vista","July 3, 2013","Western","2 hrs. 29 min.","PG-13","$215 million"
"458","Super 8","/movies/?id=super8.htm","$260.1","Paramount","June 10, 2011","Sci-Fi","1 hrs. 52 min.","PG-13","$50 million"
"459","Paddington","/movies/?id=paddington.htm","$259.6","Weinstein / Dimension","January 16, 2015","Family","1 hrs. 35 min.","PG","$55 million"
"460","Mojin: The Lost Legend","/movies/?id=mojinthelostlegend.htm","$259.4","Well Go USA","December 18, 2015","Action / Adventure","2 hrs. 7 min.","Unrated","$37 million"
"461","Charlie's Angels: Full Throttle","/movies/?id=charliesangels2.htm","$259.2","Sony / Columbia","June 27, 2003","Action Comedy","1 hrs. 45 min.","PG-13","$120 million"
"462","Rush Hour 3","/movies/?id=rushhour3.htm","$258.0","New Line","August 10, 2007","Action Comedy","1 hrs. 30 min.","PG-13","$140 million"
"463","The Full Monty","/movies/?id=fullmonty.htm","$257.9","Fox Searchlight","August 15, 1997","Comedy","1 hrs. 31 min.","R","$3.5 million"
"464","Annabelle","/movies/?id=newlinehorror.htm","$256.9","Warner Bros. (New Line)","October 3, 2014","Horror","1 hrs. 35 min.","R","$6.5 million"
"465","The Village","/movies/?id=village.htm","$256.7","Buena Vista","July 30, 2004","Period Horror","1 hrs. 48 min.","PG-13","$60 million"
"466","Lost in Hong Kong","/movies/?id=lostinhongkong.htm","$256.3","Well Go USA","September 25, 2015","Comedy","1 hrs. 53 min.","Unrated","N/A"
"467","Erin Brockovich","/movies/?id=erinbrockovich.htm","$256.3","Universal","March 17, 2000","Drama","2 hrs. 10 min.","R","$52 million"
"468","Cliffhanger","/movies/?id=cliffhanger.htm","$255.0","TriStar","May 28, 1993","Action Thriller","1 hrs. 53 min.","R","$70 million"
"469","Babe","/movies/?id=babe.htm","$254.1","Universal","August 4, 1995","Family","1 hrs. 32 min.","G","N/A"
"470","Wild Hogs","/movies/?id=wildhogs.htm","$253.6","Buena Vista","March 2, 2007","Comedy","1 hrs. 39 min.","PG-13","N/A"
"471","High School Musical 3: Senior Year","/movies/?id=highschoolmusical3.htm","$252.9","Buena Vista","October 24, 2008","Musical","1 hrs. 40 min.","G","$11 million"
"472","Hercules","/movies/?id=hercules.htm","$252.7","Buena Vista","June 15, 1997","Animation","1 hrs. 32 min.","G","$85 million"
"473","True Grit","/movies/?id=truegrit2010.htm","$252.3","Paramount","December 22, 2010","Western","1 hrs. 50 min.","PG-13","$38 million"
"474","Bean","/movies/?id=bean.htm","$251.2","Gramercy","October 17, 1997","Comedy","1 hrs. 30 min.","PG-13","$18 million"
"475","American Hustle","/movies/?id=davido2013.htm","$251.2","Sony / Columbia","December 13, 2013","Drama","2 hrs. 18 min.","R","$40 million"
"476","You've Got Mail","/movies/?id=youvegotmail.htm","$250.8","Warner Bros.","December 18, 1998","Romantic Comedy","1 hrs. 59 min.","PG","$65 million"
"477","Enemy of the State","/movies/?id=enemyofthestate.htm","$250.6","Buena Vista","November 20, 1998","Action Thriller","2 hrs. 11 min.","R","$90 million"
"478","Brother Bear","/movies/?id=brotherbear.htm","$250.4","Buena Vista","October 24, 2003","Animation","1 hrs. 25 min.","G","N/A"
"479","The Mask of Zorro","/movies/?id=maskofzorro.htm","$250.3","Sony / Columbia","July 17, 1998","Period Adventure","2 hrs. 17 min.","PG-13","$95 million"
"480","Eragon","/movies/?id=eragon.htm","$249.5","Fox","December 15, 2006","Fantasy","1 hrs. 39 min.","PG","$100 million"
"481","The Ring","/movies/?id=ring.htm","$249.3","DreamWorks","October 18, 2002","Horror","1 hrs. 49 min.","PG-13","$48 million"
"482","The Blair Witch Project","/movies/?id=blairwitchproject.htm","$248.6","Artisan","July 16, 1999","Horror","1 hrs. 26 min.","R","$60,000"
"483","Unbreakable","/movies/?id=unbreakable.htm","$248.1","Buena Vista","November 22, 2000","Thriller","1 hrs. 46 min.","PG-13","$75 million"
"484","Dumb and Dumber","/movies/?id=dumbanddumber.htm","$247.3","New Line","December 16, 1994","Comedy","1 hrs. 41 min.","PG-13","$17 million"
"485","Grown Ups 2","/movies/?id=grownups2.htm","$247.0","Sony / Columbia","July 12, 2013","Comedy","1 hrs. 41 min.","PG-13","$80 million"
"486","Love Actually","/movies/?id=loveactually.htm","$246.9","Universal","November 7, 2003","Romantic Comedy","2 hrs. 8 min.","R","$40 million"
"487","The Peanuts Movie","/movies/?id=peanuts2015.htm","$246.2","Fox","November 6, 2015","Animation","1 hrs. 33 min.","G","$99 million"
"488","Rango","/movies/?id=rango.htm","$245.7","Paramount","March 4, 2011","Animation","1 hrs. 47 min.","PG","$135 million"
"489","Four Weddings and a Funeral","/movies/?id=fourweddingsandafuneral.htm","$245.7","Gramercy","March 11, 1994","Romantic Comedy","1 hrs. 58 min.","R","$4.4 million"
"490","Face/Off","/movies/?id=faceoff.htm","$245.7","Paramount","June 27, 1997","Action","2 hrs. 18 min.","R","$80 million"
"491","Dark Shadows","/movies/?id=darkshadows.htm","$245.5","Warner Bros.","May 11, 2012","Horror Comedy","1 hrs. 53 min.","PG-13","$150 million"
"492","Hulk","/movies/?id=hulk.htm","$245.4","Universal","June 20, 2003","Action / Adventure","2 hrs. 15 min.","PG-13","$137 million"
"493","Bienvenue chez les Ch'tis","/movies/?id=bienvenuechezleschtis.htm","$245.1","Unknown","N/A","Comedy","1 hrs. 46 min.","Unrated","N/A"
"494","The Godfather","/movies/?id=godfather.htm","$245.1","Paramount","March 15, 1972","Crime Drama","2 hrs. 55 min.","R","$6 million"
"495","Pixels","/movies/?id=pixels.htm","$244.9","Sony / Columbia","July 24, 2015","Action Comedy","1 hrs. 45 min.","PG-13","$88 million"
"496","Hercules (2014)","/movies/?id=hercules2014.htm","$244.8","Paramount","July 25, 2014","Action / Adventure","1 hrs. 38 min.","PG-13","$100 million"
"497","Back to the Future Part III","/movies/?id=backtothefuture3.htm","$244.5","Universal","May 25, 1990","Western","1 hrs. 58 min.","PG","$40 million"
"498","Rush Hour","/movies/?id=rushhour.htm","$244.4","New Line","September 18, 1998","Action Comedy","1 hrs. 37 min.","PG-13","$33 million"
"499","After Earth","/movies/?id=1000ae.htm","$243.8","Sony / Columbia","May 31, 2013","Sci-Fi","1 hrs. 40 min.","PG-13","$130 million"
"500","A Few Good Men","/movies/?id=fewgoodmen.htm","$243.2","Columbia","December 11, 1992","Drama / Thriller","2 hrs. 18 min.","R","$40 million"
"501","Cloudy with a Chance of Meatballs","/movies/?id=cloudywithachanceofmeatballs.htm","$243.0","Sony / Columbia","September 18, 2009","Animation","1 hrs. 21 min.","PG","$100 million"
"502","8 Mile","/movies/?id=8mile.htm","$242.9","Universal","November 8, 2002","Music Drama","1 hrs. 58 min.","R","$41 million"
"503","Marley and Me","/movies/?id=marleyandme.htm","$242.7","Fox","December 25, 2008","Comedy","2 hrs. 0 min.","PG","N/A"
"504","RoboCop (2014)","/movies/?id=robocop2013.htm","$242.7","Sony / Columbia","February 12, 2014","Sci-Fi Action","1 hrs. 48 min.","PG-13","$100 million"
"505","Eraser","/movies/?id=eraser.htm","$242.3","Warner Bros.","June 21, 1996","Action","1 hrs. 55 min.","R","$100 million"
"506","Journey to the Center of the Earth","/movies/?id=journeytothecenteroftheearth.htm","$242.0","Warner Bros. (New Line)","July 11, 2008","Adventure","1 hrs. 32 min.","PG","$60 million"
"507","Now You See Me 2","/movies/?id=nowyouseeme2.htm","$241.2","Lionsgate/Summit","June 10, 2016","Thriller","2 hrs. 9 min.","PG-13","N/A"
"508","Daddy's Home","/movies/?id=daddyshome.htm","$240.4","Paramount","December 25, 2015","Comedy","1 hrs. 36 min.","PG-13","N/A"
"509","Resident Evil: Retribution","/movies/?id=residentevil5.htm","$240.2","Sony / Screen Gems","September 14, 2012","Action Horror","1 hrs. 35 min.","R","$65 million"
"510","Die Hard 2: Die Harder","/movies/?id=diehard2.htm","$240.0","Fox","July 6, 1990","Action Thriller","2 hrs. 4 min.","R","$70 million"
"511","Crocodile Dundee II","/movies/?id=crocodiledundee2.htm","$239.6","Paramount","May 25, 1988","Adventure Comedy","1 hrs. 50 min.","PG","N/A"
"512","Planes","/movies/?id=planes.htm","$239.3","Buena Vista","August 9, 2013","Animation","1 hrs. 32 min.","PG","$50 million"
"513","Batman and Robin","/movies/?id=batmanrobin.htm","$238.2","Warner Bros.","June 20, 1997","Action / Adventure","2 hrs. 5 min.","PG-13","$125 million"
"514","Click","/movies/?id=click.htm","$237.7","Sony (Revolution)","June 23, 2006","Fantasy Comedy","1 hrs. 37 min.","PG-13","$82.5 million"
"515","Gulliver's Travels","/movies/?id=gulliverstravels.htm","$237.4","Fox","December 25, 2010","Adventure Comedy","1 hrs. 25 min.","PG","$112 million"
"516","Gone in 60 Seconds","/movies/?id=gonein60seconds.htm","$237.2","Buena Vista","June 9, 2000","Action","1 hrs. 57 min.","PG-13","$90 million"
"517","Saturday Night Fever","/movies/?id=saturdaynightfever.htm","$237.1","Paramount","December 16, 1977","Music Drama","1 hrs. 58 min.","R","N/A"
"518","Silver Linings Playbook","/movies/?id=silverliningsplaybook.htm","$236.4","Weinstein Company","November 16, 2012","Comedy","2 hrs. 2 min.","R","$21 million"
"519","2 Fast 2 Furious","/movies/?id=2fast2furious.htm","$236.4","Universal","June 6, 2003","Action","1 hrs. 41 min.","PG-13","$76 million"
"520","A.I. Artificial Intelligence","/movies/?id=ai.htm","$235.9","Warner Bros.","June 29, 2001","Sci-Fi","2 hrs. 25 min.","PG-13","$100 million"
"521","Dead Poets Society","/movies/?id=deadpoetssociety.htm","$235.9","Buena Vista","June 2, 1989","Drama","2 hrs. 8 min.","PG","N/A"
"522","Spy","/movies/?id=susancooper.htm","$235.7","Fox","June 5, 2015","Comedy","2 hrs. 0 min.","R","$65 million"
"523","American Pie","/movies/?id=americanpie.htm","$235.5","Universal","July 9, 1999","Comedy","1 hrs. 35 min.","R","$11 million"
"524","Howl's Moving Castle","/movies/?id=howlsmovingcastle.htm","$235.2","Buena Vista","June 10, 2005","Animation","1 hrs. 59 min.","PG","N/A"
"525","American Reunion","/movies/?id=americanreunion.htm","$235.0","Universal","April 6, 2012","Comedy","1 hrs. 53 min.","R","$50 million"
"526","Big Daddy","/movies/?id=bigdaddy.htm","$234.8","Sony / Columbia","June 25, 1999","Comedy","1 hrs. 33 min.","PG-13","$34.2 million"
"527","Alvin and the Chipmunks: The Road Chip","/movies/?id=alvin4.htm","$234.8","Fox","December 18, 2015","Family Comedy","1 hrs. 26 min.","PG","N/A"
"528","The Imitation Game","/movies/?id=imitationgame.htm","$233.6","Weinstein Company","November 28, 2014","Drama","1 hrs. 54 min.","PG-13","N/A"
"529","The Day the Earth Stood Still (2008)","/movies/?id=daytheearthstoodstill08.htm","$233.1","Fox","December 12, 2008","Sci-Fi","1 hrs. 50 min.","PG-13","$80 million"
"530","The Girl with the Dragon Tattoo (2011)","/movies/?id=girldragontattoo11.htm","$232.6","Sony / Columbia","December 21, 2011","Thriller","2 hrs. 40 min.","R","$90 million"
"531","Argo","/movies/?id=argo.htm","$232.3","Warner Bros.","October 12, 2012","Drama / Thriller","2 hrs. 0 min.","R","$44.5 million"
"532","The English Patient","/movies/?id=englishpatient.htm","$232.0","Miramax","November 15, 1996","Romance","2 hrs. 42 min.","R","$27 million"
"533","Sister Act","/movies/?id=sisteract.htm","$231.6","Buena Vista","May 29, 1992","Comedy","1 hrs. 40 min.","PG","N/A"
"534","American Wedding","/movies/?id=americanwedding.htm","$231.4","Universal","August 1, 2003","Comedy","1 hrs. 42 min.","R","$55 million"
"535","Juno","/movies/?id=juno.htm","$231.4","Fox Searchlight","December 5, 2007","Comedy / Drama","1 hrs. 31 min.","PG-13","$7.5 million"
"536","Constantine","/movies/?id=constantine.htm","$230.9","Warner Bros.","February 18, 2005","Horror","2 hrs. 1 min.","R","$100 million"
"537","Get Smart","/movies/?id=getsmart.htm","$230.7","Warner Bros.","June 20, 2008","Action Comedy","1 hrs. 50 min.","PG-13","$80 million"
"538","Space Jam","/movies/?id=spacejam.htm","$230.4","Warner Bros.","November 15, 1996","Family Comedy","1 hrs. 28 min.","PG","N/A"
"539","The Heat","/movies/?id=bullockmccarthy.htm","$229.9","Fox","June 28, 2013","Comedy","1 hrs. 57 min.","R","$43 million"
"540","Mr. Bean's Holiday","/movies/?id=bean2.htm","$229.7","Universal","August 24, 2007","Comedy","1 hrs. 30 min.","G","N/A"
"541","Life Is Beautiful","/movies/?id=lifeisbeautiful.htm","$229.2","Miramax","October 23, 1998","Foreign","1 hrs. 56 min.","PG-13","N/A"
"542","Ghost Rider","/movies/?id=ghostrider.htm","$228.7","Sony / Columbia","February 16, 2007","Action Horror","1 hrs. 50 min.","PG-13","$110 million"
"543","Goodbye Mr. Loser","/movies/?id=goodbyemr.loser.htm","$228.1","China Lion","October 9, 2015","Comedy","1 hrs. 44 min.","Unrated","N/A"
"544","Lethal Weapon 2","/movies/?id=lethalweapon2.htm","$227.9","Warner Bros.","July 7, 1989","Action Comedy","1 hrs. 53 min.","R","N/A"
"545","The Green Hornet","/movies/?id=greenhornet.htm","$227.8","Sony / Columbia","January 14, 2011","Action / Adventure","1 hrs. 48 min.","PG-13","$120 million"
"546","Sleepless in Seattle","/movies/?id=sleeplessinseattle.htm","$227.8","TriStar","June 25, 1993","Romantic Comedy","1 hrs. 45 min.","PG","$21 million"
"547","Immortals","/movies/?id=warofgods.htm","$226.9","Relativity","November 11, 2011","Fantasy Drama","1 hrs. 50 min.","R","$75 million"
"548","Taken","/movies/?id=taken.htm","$226.8","Fox","January 30, 2009","Action","1 hrs. 33 min.","PG-13","$25 million"
"549","Percy Jackson & The Olympians: The Lightning Thief","/movies/?id=percyjackson.htm","$226.5","Fox","February 12, 2010","Fantasy","2 hrs. 0 min.","PG","$95 million"
"550","Hansel and Gretel: Witch Hunters","/movies/?id=hanselandgretelwitchhunters.htm","$226.3","Paramount","January 25, 2013","Action Comedy","1 hrs. 28 min.","R","$50 million"
"551","Good Will Hunting","/movies/?id=goodwillhunting.htm","$225.9","Miramax","December 5, 1997","Drama","2 hrs. 6 min.","R","N/A"
"552","The Social Network","/movies/?id=socialnetwork.htm","$224.9","Sony / Columbia","October 1, 2010","Comedy / Drama","2 hrs. 0 min.","PG-13","$40 million"
"553","Chicken Run","/movies/?id=chickenrun.htm","$224.8","DreamWorks","June 23, 2000","Animation","1 hrs. 24 min.","G","$45 million"
"554","Con Air","/movies/?id=conair.htm","$224.0","Buena Vista","June 6, 1997","Action","1 hrs. 55 min.","R","$75 million"
"555","Teenage Mutant Ninja Turtles: Out of the Shadows","/movies/?id=tmnt2016.htm","$224.0","Paramount","June 3, 2016","Action / Adventure","1 hrs. 52 min.","PG-13","$135 million"
"556","Interview with the Vampire","/movies/?id=interviewwiththevampire.htm","$223.7","Warner Bros.","November 11, 1994","Period Horror","2 hrs. 3 min.","R","$60 million"
"557","Flightplan","/movies/?id=flightplan.htm","$223.4","Buena Vista","September 23, 2005","Thriller","1 hrs. 33 min.","PG-13","N/A"
"558","Yes Man","/movies/?id=yesman.htm","$223.2","Warner Bros.","December 19, 2008","Comedy","1 hrs. 44 min.","PG-13","$70 million"
"559","Non-Stop","/movies/?id=nonstop.htm","$222.8","Universal","February 28, 2014","Thriller","1 hrs. 50 min.","PG-13","$50 million"
"560","Honey, I Shrunk the Kids","/movies/?id=honeyishrunkthekids.htm","$222.7","Buena Vista","June 23, 1989","Family Adventure","1 hrs. 41 min.","PG","N/A"
"561","Fahrenheit 9/11","/movies/?id=fahrenheit911.htm","$222.4","Lions Gate","June 23, 2004","Documentary","1 hrs. 56 min.","R","$6 million"
"562","Jumper","/movies/?id=jumper.htm","$222.2","Fox","February 14, 2008","Fantasy","1 hrs. 30 min.","PG-13","$85 million"
"563","Wild Wild West","/movies/?id=wildwildwest.htm","$222.1","Warner Bros.","June 30, 1999","Western Comedy","1 hrs. 47 min.","PG-13","$170 million"
"564","Presumed Innocent","/movies/?id=presumedinnocent.htm","$221.3","Warner Bros.","July 27, 1990","Thriller","2 hrs. 7 min.","R","N/A"
"565","Scary Movie 3","/movies/?id=scarymovie3.htm","$220.7","Dimension Films","October 24, 2003","Horror Comedy","1 hrs. 30 min.","PG-13","$48 million"
"566","Elf","/movies/?id=elf.htm","$220.4","New Line","November 7, 2003","Comedy","1 hrs. 35 min.","PG","$33 million"
"567","Green Lantern","/movies/?id=greenlantern.htm","$219.9","Warner Bros.","June 17, 2011","Action / Adventure","1 hrs. 45 min.","PG-13","$200 million"
"568","The Terminal","/movies/?id=terminal.htm","$219.4","DreamWorks","June 18, 2004","Comedy / Drama","2 hrs. 8 min.","PG-13","$60 million"
"569","What Happens in Vegas","/movies/?id=whathappensinvegas.htm","$219.4","Fox","May 9, 2008","Comedy","1 hrs. 39 min.","PG-13","$35 million"
"570","It's Complicated","/movies/?id=itscomplicated.htm","$219.1","Universal","December 25, 2009","Romantic Comedy","1 hrs. 58 min.","R","$85 million"
"571","Knocked Up","/movies/?id=knockedup.htm","$219.1","Universal","June 1, 2007","Romantic Comedy","2 hrs. 9 min.","R","$30 million"
"572","Captain Phillips","/movies/?id=captainphillips.htm","$218.8","Sony / Columbia","October 11, 2013","Drama","2 hrs. 14 min.","PG-13","$55 million"
"573","The Prince of Egypt","/movies/?id=princeofegypt.htm","$218.6","DreamWorks","December 18, 1998","Animation","1 hrs. 39 min.","PG","$70 million"
"574","Jack Reacher","/movies/?id=oneshot.htm","$218.3","Paramount","December 21, 2012","Crime Drama","2 hrs. 10 min.","PG-13","$60 million"
"575","Collateral","/movies/?id=collateral.htm","$217.8","DreamWorks","August 6, 2004","Crime","2 hrs. 5 min.","R","$65 million"
"576","Dracula Untold","/movies/?id=dracula.htm","$217.1","Universal","October 10, 2014","Action Horror","1 hrs. 32 min.","PG-13","$70 million"
"577","Million Dollar Baby","/movies/?id=milliondollarbaby.htm","$216.8","Warner Bros.","December 15, 2004","Sports Drama","2 hrs. 17 min.","PG-13","$30 million"
"578","Ted 2","/movies/?id=ted2.htm","$216.7","Universal","June 26, 2015","Comedy","1 hrs. 55 min.","R","$68 million"
"579","The Help","/movies/?id=help2011.htm","$216.6","Buena Vista","August 10, 2011","Drama","2 hrs. 17 min.","PG-13","$25 million"
"580","Twins","/movies/?id=twins.htm","$216.6","Universal","December 9, 1988","Comedy","1 hrs. 45 min.","PG","$15 million"
"581","Valentine's Day","/movies/?id=valentinesday.htm","$216.5","Warner Bros. (New Line)","February 12, 2010","Romantic Comedy","1 hrs. 57 min.","PG-13","$52 million"
"582","Bad Teacher","/movies/?id=badteacher.htm","$216.2","Sony / Columbia","June 24, 2011","Comedy","1 hrs. 29 min.","R","$20 million"
"583","Clear and Present Danger","/movies/?id=clearandpresentdanger.htm","$215.9","Paramount","August 5, 1994","Action Thriller","2 hrs. 21 min.","PG-13","$62 million"
"584","101 Dalmatians","/movies/?id=101dalmations.htm","$215.9","Disney","January 25, 1961","Animation","1 hrs. 19 min.","G","N/A"
"585","Bram Stoker's Dracula","/movies/?id=bramstokersdracula.htm","$215.9","Columbia","November 13, 1992","Period Horror","2 hrs. 7 min.","R","$40 million"
"586","Vertical Limit","/movies/?id=verticallimit.htm","$215.7","Sony / Columbia","December 8, 2000","Action","2 hrs. 4 min.","PG-13","$75 million"
"587","Ghostbusters II","/movies/?id=ghostbusters2.htm","$215.4","Columbia","June 16, 1989","Horror Comedy","1 hrs. 42 min.","PG","N/A"
"588","The Patriot","/movies/?id=patriot.htm","$215.3","Sony / Columbia","June 28, 2000","War","2 hrs. 44 min.","R","$110 million"
"589","The Sorcerer's Apprentice","/movies/?id=sorcerersapprentice.htm","$215.3","Buena Vista","July 14, 2010","Fantasy","1 hrs. 51 min.","PG","$150 million"
"590","Just Go With It","/movies/?id=thepretendwife.htm","$214.9","Sony / Columbia","February 11, 2011","Romantic Comedy","1 hrs. 50 min.","PG-13","$80 million"
"591","Public Enemies","/movies/?id=publicenemies.htm","$214.1","Universal","July 1, 2009","Crime Drama","2 hrs. 23 min.","R","$100 million"
"592","The Bourne Identity","/movies/?id=bourneidentity.htm","$214.0","Universal","June 14, 2002","Action Thriller","1 hrs. 58 min.","PG-13","$60 million"
"593","Disclosure","/movies/?id=disclosure.htm","$214.0","Warner Bros.","December 9, 1994","Drama / Thriller","2 hrs. 9 min.","R","$55 million"
"594","Dirty Dancing","/movies/?id=dirtydancing.htm","$214.0","Vestron","August 21, 1987","Romance","1 hrs. 45 min.","PG-13","$6 million"
"595","Pulp Fiction","/movies/?id=pulpfiction.htm","$213.9","Miramax","October 14, 1994","Crime","2 hrs. 34 min.","R","$8 million"
"596","The Aviator","/movies/?id=aviator.htm","$213.7","Miramax","December 17, 2004","Period Drama","2 hrs. 48 min.","PG-13","$110 million"
"597","Crouching Tiger, Hidden Dragon","/movies/?id=crouchingtigerhiddendragon.htm","$213.5","Sony Classics","December 8, 2000","Foreign / Action","2 hrs. 0 min.","PG-13","$17 million"
"598","Into the Woods","/movies/?id=intothewoods.htm","$213.1","Buena Vista","December 25, 2014","Musical","2 hrs. 4 min.","PG","$50 million"
"599","Bedtime Stories","/movies/?id=bedtimestories.htm","$212.9","Buena Vista","December 25, 2008","Family Adventure","1 hrs. 35 min.","PG","$80 million"
"600","Miss Congeniality","/movies/?id=misscongeniality.htm","$212.7","Warner Bros.","December 22, 2000","Action Comedy","1 hrs. 49 min.","PG-13","$45 million"
"601","Entrapment","/movies/?id=entrapment.htm","$212.4","Fox","April 30, 1999","Romantic Thriller","1 hrs. 53 min.","PG-13","$66 million"
"602","Ace Ventura: When Nature Calls","/movies/?id=aceventura2.htm","$212.4","Warner Bros.","November 10, 1995","Comedy","1 hrs. 34 min.","PG-13","N/A"
"603","Master and Commander: The Far Side of the World","/movies/?id=masterandcommander.htm","$212.0","Fox","November 14, 2003","War","2 hrs. 18 min.","PG-13","$150 million"
"604","End of Days","/movies/?id=endofdays.htm","$212.0","Universal","November 24, 1999","Action Horror","2 hrs. 1 min.","R","$100 million"
"605","Battle: Los Angeles","/movies/?id=battlelosangeles.htm","$211.8","Sony / Columbia","March 11, 2011","Sci-Fi Action","1 hrs. 56 min.","PG-13","$70 million"
"606","Fury (2014)","/movies/?id=fury2014.htm","$211.8","Sony / Columbia","October 17, 2014","War","2 hrs. 14 min.","R","$68 million"
"607","Due Date","/movies/?id=duedate.htm","$211.8","Warner Bros.","November 5, 2010","Comedy","1 hrs. 35 min.","R","$65 million"
"608","Kingdom of Heaven","/movies/?id=kingdomofheaven.htm","$211.7","Fox","May 6, 2005","Historical Epic","2 hrs. 25 min.","R","$130 million"
"609","The Little Mermaid","/movies/?id=littlemermaid.htm","$211.3","Buena Vista","November 17, 1989","Animation","1 hrs. 23 min.","G","N/A"
"610","Australia","/movies/?id=australia.htm","$211.3","Fox","November 26, 2008","Period Adventure","2 hrs. 45 min.","PG-13","$130 million"
"611","District 9","/movies/?id=district9.htm","$210.8","TriStar","August 14, 2009","Sci-Fi","1 hrs. 53 min.","R","$30 million"
"612","Braveheart","/movies/?id=braveheart.htm","$210.4","Paramount","May 24, 1995","Historical Epic","2 hrs. 57 min.","R","$72 million"
"613","Moonraker","/movies/?id=moonraker.htm","$210.3","MGM","June 29, 1979","Action","2 hrs. 6 min.","PG","N/A"
"614","The Others","/movies/?id=others.htm","$209.9","Miramax","August 10, 2001","Period Horror","1 hrs. 41 min.","PG-13","$17 million"
"615","Horrible Bosses","/movies/?id=horriblebosses.htm","$209.6","Warner Bros. (New Line)","July 8, 2011","Comedy","1 hrs. 40 min.","R","$35 million"
"616","Red Dragon","/movies/?id=reddragon.htm","$209.2","Universal","October 4, 2002","Thriller","2 hrs. 6 min.","R","$78 million"
"617","Tomorrowland","/movies/?id=1952.htm","$209.2","Buena Vista","May 22, 2015","Sci-Fi","2 hrs. 10 min.","PG","$190 million"
"618","Lemony Snicket's A Series of Unfortunate Events","/movies/?id=lemonysnicket.htm","$209.1","Paramount","December 17, 2004","Family Adventure","1 hrs. 53 min.","PG","$140 million"
"619","Safe House","/movies/?id=safehouse.htm","$208.1","Universal","February 10, 2012","Action Thriller","1 hrs. 57 min.","R","$85 million"
"620","S.W.A.T.","/movies/?id=swat.htm","$207.7","Sony / Columbia","August 8, 2003","Action Thriller","1 hrs. 51 min.","PG-13","$80 million"
"621","Traffic","/movies/?id=traffic.htm","$207.5","USA Films","December 27, 2000","Crime Drama","2 hrs. 27 min.","R","N/A"
"622","The Fast and the Furious","/movies/?id=fastandfurious.htm","$207.3","Universal","June 22, 2001","Action","1 hrs. 46 min.","PG-13","$38 million"
"623","Paranormal Activity 3","/movies/?id=paranormalactivity3.htm","$207.0","Paramount","October 21, 2011","Horror","1 hrs. 21 min.","R","$5 million"
"624","Philadelphia","/movies/?id=philadelphia.htm","$206.7","TriStar","December 24, 1993","Drama","2 hrs. 5 min.","PG-13","$26 million"
"625","The Expendables 3","/movies/?id=expendables3.htm","$206.2","Lionsgate","August 15, 2014","Action","1 hrs. 43 min.","PG-13","N/A"
"626","Sleepy Hollow","/movies/?id=sleepyhollow.htm","$206.1","Paramount","November 19, 1999","Period Horror","1 hrs. 45 min.","R","$100 million"
"627","The Jungle Book","/movies/?id=junglebook.htm","$205.8","Disney","October 18, 1967","Animation","1 hrs. 18 min.","G","N/A"
"628","JFK","/movies/?id=jfk.htm","$205.4","Warner Bros.","December 20, 1991","Drama / Thriller","3 hrs. 26 min.","R","N/A"
"629","White House Down","/movies/?id=whitehousedown.htm","$205.4","Sony / Columbia","June 28, 2013","Action Drama","2 hrs. 17 min.","PG-13","$150 million"
"630","The Ugly Truth","/movies/?id=uglytruth.htm","$205.3","Sony / Columbia","July 24, 2009","Romantic Comedy","1 hrs. 36 min.","R","$38 million"
"631","The Holiday","/movies/?id=holiday.htm","$205.1","Sony / Columbia","December 8, 2006","Romantic Comedy","2 hrs. 16 min.","PG-13","$85 million"
"632","The Break-Up","/movies/?id=breakup.htm","$205.0","Universal","June 2, 2006","Romantic Comedy","1 hrs. 46 min.","PG-13","$52 million"
"633","Eat Pray Love","/movies/?id=eatpraylove.htm","$204.6","Sony / Columbia","August 13, 2010","Drama","2 hrs. 13 min.","PG-13","$60 million"
"634","King Arthur","/movies/?id=kingarthur.htm","$203.6","Buena Vista","July 7, 2004","Period Adventure","2 hrs. 10 min.","PG-13","$120 million"
"635","Everest (2015)","/movies/?id=everest2015.htm","$203.4","Universal","September 18, 2015","Thriller","2 hrs. 1 min.","PG-13","$55 million"
"636","Vanilla Sky","/movies/?id=vanillasky.htm","$203.4","Paramount","December 14, 2001","Thriller","2 hrs. 15 min.","R","$68 million"
"637","Need for Speed","/movies/?id=needforspeed.htm","$203.3","Buena Vista","March 14, 2014","Action","2 hrs. 10 min.","PG-13","$66 million"
"638","Hairspray (2007)","/movies/?id=hairspray07.htm","$202.5","New Line","July 20, 2007","Musical","1 hrs. 47 min.","PG","N/A"
"639","Patch Adams","/movies/?id=patchadams.htm","$202.3","Universal","December 25, 1998","Comedy / Drama","1 hrs. 55 min.","PG-13","$90 million"
"640","Fun with Dick and Jane","/movies/?id=funwithdickandjane.htm","$202.0","Sony / Columbia","December 21, 2005","Crime Comedy","1 hrs. 30 min.","PG-13","$100 million"
"641","Teenage Mutant Ninja Turtles","/movies/?id=teenagemutantninjaturtles.htm","$202.0","New Line","March 30, 1990","Family Adventure","1 hrs. 33 min.","PG","$13.5 million"
"642","Kindergarten Cop","/movies/?id=kindergartencop.htm","$202.0","Universal","December 22, 1990","Comedy","1 hrs. 51 min.","PG-13","$15 million"
"643","Ponyo","/movies/?id=ponyo.htm","$201.8","Buena Vista","August 14, 2009","Animation","1 hrs. 40 min.","G","N/A"
"644","Straight Outta Compton","/movies/?id=straightouttacompton.htm","$201.6","Universal","August 14, 2015","Drama","2 hrs. 27 min.","R","$28 million"
"645","21 Jump Street","/movies/?id=21jumpstreet.htm","$201.6","Sony / Columbia","March 16, 2012","Action Comedy","1 hrs. 49 min.","R","$42 million"
"646","Yogi Bear","/movies/?id=yogibear.htm","$201.6","Warner Bros.","December 17, 2010","Family Comedy","1 hrs. 22 min.","PG","$80 million"
"647","Garfield: The Movie","/movies/?id=garfield.htm","$200.8","Fox","June 11, 2004","Family Comedy","1 hrs. 25 min.","PG","$50 million"
"648","Cats & Dogs","/movies/?id=catsanddogs.htm","$200.7","Warner Bros.","July 4, 2001","Family Adventure","1 hrs. 27 min.","PG","$60 million"
"649","The Hunt for Red October","/movies/?id=huntforredoctober.htm","$200.5","Paramount","March 2, 1990","Action Thriller","2 hrs. 14 min.","PG","$30 million"
"650","Valkyrie","/movies/?id=valkyrie.htm","$200.3","United Artists","December 25, 2008","Thriller","2 hrs. 0 min.","PG-13","$75 million"
